Unnamed: 0,account_id,trans_type,amount,total_withdrawals_5d,num_withdrawals_5d,y_pred,y_scores
35,90,WITHDRAWAL,14.6,19114.6,2,0,-0.30404516427979444
81,68,WITHDRAWAL,100.0,100.0,1,0,-0.38093267365646144
104,485,WITHDRAWAL,24100.0,29263.0,3,0,-0.2592817816708519
137,319,WITHDRAWAL,2196.0,9818.5,4,0,-0.246831355682828
166,67,WITHDRAWAL,6393.0,6393.0,1,0,-0.32629648210364537
174,441,WITHDRAWAL,30.0,30.0,1,0,-0.38295594687480544
214,68,WITHDRAWAL,61.0,198.0,2,0,-0.28949381573266075
344,485,WITHDRAWAL,100.0,100.0,1,0,-0.38093267365646144
369,290,WITHDRAWAL,2577.0,8504.0,3,0,-0.3304009786746747
379,47,WITHDRAWAL,141.0,315.0,2,0,-0.2984976101261297
397,378,WITHDRAWAL,8537.0,12377.2,2,0,-0.3315771764683819
403,485,WITHDRAWAL,3572.0,5163.0,2,0,-0.3760405061722284
411,290,WITHDRAWAL,2500.0,2500.0,1,0,-0.32616428455297053
433,319,WITHDRAWAL,13500.0,13500.0,1,0,-0.26388639628292554
438,67,WITHDRAWAL,41300.0,41300.0,1,0,-0.15502445963848321
502,441,WITHDRAWAL,2400.0,3165.0,2,0,-0.3539749385091421
514,47,WITHDRAWAL,141.0,37015.0,4,0,-0.17770675969903416
528,319,WITHDRAWAL,21100.0,21516.0,2,0,-0.3058387480474154
540,90,WITHDRAWAL,16200.0,16200.0,1,0,-0.24852793810195528
566,67,WITHDRAWAL,14.6,14.6,1,0,-0.386501812205743
595,90,WITHDRAWAL,2774.0,3135.0,2,0,-0.3546580038429851
607,290,WITHDRAWAL,2653.0,2653.0,1,0,-0.3423532135820687
613,239,WITHDRAWAL,152.0,152.0,1,0,-0.3748436457797915
615,239,WITHDRAWAL,1042.0,1194.0,2,0,-0.32363841481781136
651,441,WITHDRAWAL,765.0,765.0,1,0,-0.3095217688977081
699,239,WITHDRAWAL,22000.0,22000.0,1,0,-0.25273308291255037
700,239,WITHDRAWAL,9300.0,9300.0,1,0,-0.27951258632529785
701,47,WITHDRAWAL,6940.0,6940.0,1,0,-0.34141255239616886
762,68,WITHDRAWAL,1186.0,2891.0,2,0,-0.3575248157469357
842,485,WITHDRAWAL,10700.0,21500.0,3,0,-0.2840971818718692
878,239,WITHDRAWAL,152.0,152.0,1,0,-0.3748436457797915
894,90,WITHDRAWAL,4372.0,4372.0,1,0,-0.3319398170498401
988,485,WITHDRAWAL,3572.0,5163.0,2,0,-0.3760405061722284
996,441,WITHDRAWAL,25000.0,25765.0,2,0,-0.30264133226529105
1016,441,WITHDRAWAL,22700.0,22700.0,1,0,-0.24616825718592916
1021,378,WITHDRAWAL,7100.0,19479.2,4,0,-0.23636997358690637
1084,441,WITHDRAWAL,765.0,24065.0,2,0,-0.2970683944872113
1102,68,WITHDRAWAL,14600.0,15786.0,2,0,-0.3088411925302781
1152,239,WITHDRAWAL,10500.0,10500.0,1,0,-0.2759974874157807
1160,485,WITHDRAWAL,1600.0,1700.0,2,0,-0.3301113355248373
1167,67,WITHDRAWAL,17500.0,24338.0,3,0,-0.2780148805111958
1175,90,WITHDRAWAL,361.0,19233.0,3,0,-0.29512192406566146
1180,90,WITHDRAWAL,4372.0,9272.0,2,0,-0.34641427171778955
1193,47,WITHDRAWAL,141.0,315.0,2,0,-0.2984976101261297
1207,47,WITHDRAWAL,14.6,9314.6,2,0,-0.34455951774828963
1235,378,WITHDRAWAL,14.6,57914.6,2,0,-0.16284673987849763
1247,90,WITHDRAWAL,5040.0,5040.0,1,0,-0.32195265515981725
1266,68,WITHDRAWAL,1705.0,1705.0,1,0,-0.3325821103629617
1275,378,WITHDRAWAL,2700.0,21000.0,2,0,-0.3092031953611431
1301,378,WITHDRAWAL,13500.0,73684.0,3,0,-0.11910155256356214
1312,290,WITHDRAWAL,2653.0,2653.0,1,0,-0.3423532135820687
1315,319,WITHDRAWAL,8300.0,11553.0,3,0,-0.32885674757535555
1329,441,WITHDRAWAL,17300.0,17330.0,2,0,-0.3019859315998789
1346,67,WITHDRAWAL,14.6,14.6,1,0,-0.386501812205743
1357,47,WITHDRAWAL,1900.0,1914.6,2,0,-0.3343009892966071
1360,319,WITHDRAWAL,2196.0,28669.0,4,0,-0.19899831344820007
1386,90,WITHDRAWAL,2375.0,15710.0,4,0,-0.24141687218482588
1411,47,WITHDRAWAL,174.0,174.0,1,0,-0.36366471349245
1420,290,WITHDRAWAL,3274.0,5927.0,2,0,-0.37740775202652493
1427,90,WITHDRAWAL,14.6,14.6,1,0,-0.386501812205743
1452,319,WITHDRAWAL,1057.0,27273.0,4,0,-0.21134787719594306
1468,319,WITHDRAWAL,416.0,416.0,1,0,-0.3332725879851314
1469,485,WITHDRAWAL,3572.0,5163.0,2,0,-0.3760405061722284
1473,47,WITHDRAWAL,141.0,8115.0,4,0,-0.21760337068011326
1475,239,WITHDRAWAL,5995.0,7189.0,3,0,-0.332263704528546
1486,239,WITHDRAWAL,30.0,30.0,1,0,-0.38295594687480544
1537,90,WITHDRAWAL,6900.0,9060.0,2,0,-0.348553455743654
1565,441,WITHDRAWAL,13200.0,16241.0,2,0,-0.31210341688634724
1566,378,WITHDRAWAL,2.0,20179.2,4,0,-0.23425039811241266
1576,239,WITHDRAWAL,30.0,10830.0,3,0,-0.32661558048698563
1613,319,WITHDRAWAL,6149.5,56465.5,3,0,-0.17177654270235698
1617,68,WITHDRAWAL,100.0,100.0,1,0,-0.38093267365646144
1628,90,WITHDRAWAL,14.6,14.6,1,0,-0.386501812205743
1642,239,WITHDRAWAL,34000.0,34000.0,1,0,-0.19084429511487466
1666,90,WITHDRAWAL,14.6,14.6,1,0,-0.386501812205743
1672,319,WITHDRAWAL,416.0,5316.0,2,0,-0.3753652433031647
1675,68,WITHDRAWAL,100.0,100.0,1,0,-0.38093267365646144
1756,90,WITHDRAWAL,13800.0,13814.6,2,0,-0.32301086295685044
1810,47,WITHDRAWAL,13800.0,33000.0,2,0,-0.2401829329899302
1819,290,WITHDRAWAL,2653.0,57153.0,2,0,-0.16626713638962654
1821,485,WITHDRAWAL,3572.0,5163.0,2,0,-0.3760405061722284
1829,441,WITHDRAWAL,27900.0,30941.0,2,0,-0.25844105282276475
1876,378,WITHDRAWAL,8537.0,49537.0,2,0,-0.1906944399961238
1879,378,WITHDRAWAL,2.0,8539.0,2,0,-0.3584484984821475
1963,485,WITHDRAWAL,3572.0,5163.0,2,0,-0.3760405061722284
2025,485,WITHDRAWAL,1591.0,1591.0,1,0,-0.33795709399809487
2032,485,WITHDRAWAL,7421.0,20384.0,4,0,-0.23622439976193244
2050,239,WITHDRAWAL,152.0,152.0,1,0,-0.3748436457797915
2056,485,WITHDRAWAL,1591.0,34991.0,3,0,-0.2242393936798217
2075,239,WITHDRAWAL,30.0,30.0,1,0,-0.38295594687480544
2130,441,WITHDRAWAL,57600.0,57600.0,1,0,-0.10246664785992055
2179,90,WITHDRAWAL,2774.0,3135.0,2,0,-0.3546580038429851
2187,47,WITHDRAWAL,141.0,315.0,2,0,-0.2984976101261297
2200,47,WITHDRAWAL,141.0,315.0,2,0,-0.2984976101261297
2203,47,WITHDRAWAL,14.6,14.6,1,0,-0.386501812205743
2219,441,WITHDRAWAL,3041.0,3041.0,1,0,-0.3431607943603493
2282,239,WITHDRAWAL,1042.0,1194.0,2,0,-0.32363841481781136
2289,239,WITHDRAWAL,152.0,152.0,1,0,-0.3748436457797915
2298,378,WITHDRAWAL,1184.0,9723.0,3,0,-0.32378527934937484
2365,68,WITHDRAWAL,6300.0,9300.0,2,0,-0.34552106207819716
2374,47,WITHDRAWAL,14.6,17714.6,2,0,-0.2982582246917557
2381,441,WITHDRAWAL,2400.0,5441.0,2,0,-0.3761500961746851
2419,378,WITHDRAWAL,8537.0,49177.2,3,0,-0.18997117076434
2438,68,WITHDRAWAL,12600.0,12600.0,1,0,-0.26270585989674533
2454,67,WITHDRAWAL,22800.0,31500.0,2,0,-0.252823571346097
2477,378,WITHDRAWAL,8537.0,8537.0,1,0,-0.2960353742877169
2521,485,WITHDRAWAL,3572.0,26263.0,3,0,-0.2802542804919267
2572,90,WITHDRAWAL,361.0,4733.0,2,0,-0.37178865815419676
2600,90,WITHDRAWAL,12000.0,12000.0,1,0,-0.2638969501905368
2601,47,WITHDRAWAL,23200.0,23200.0,1,0,-0.23969307665679251
2615,485,WITHDRAWAL,7421.0,12584.0,3,0,-0.3389472964921487
2667,47,WITHDRAWAL,9.0,6949.0,2,0,-0.37076234353334037
2682,485,WITHDRAWAL,100.0,100.0,1,0,-0.38093267365646144
2711,47,WITHDRAWAL,14.6,7314.6,2,0,-0.3650002387089593
2723,441,WITHDRAWAL,3041.0,3041.0,1,0,-0.3431607943603493
2751,290,WITHDRAWAL,3274.0,8027.0,3,0,-0.3262092288415467
2763,67,WITHDRAWAL,10200.0,10200.0,1,0,-0.27933932648256954
2777,68,WITHDRAWAL,1705.0,27305.0,2,0,-0.2910393000482359
2781,47,WITHDRAWAL,9.0,70249.0,3,0,-0.12786177071917249
2804,68,WITHDRAWAL,1705.0,1705.0,1,0,-0.3325821103629617
2827,485,WITHDRAWAL,25300.0,33400.0,2,0,-0.23720639598871884
2832,239,WITHDRAWAL,1042.0,1194.0,2,0,-0.32363841481781136
2861,485,WITHDRAWAL,7421.0,12584.0,3,0,-0.3389472964921487
2911,239,WITHDRAWAL,19500.0,19500.0,1,0,-0.2535618595254594
2943,239,WITHDRAWAL,152.0,102352.0,4,0,-0.011917940603864197
2959,485,WITHDRAWAL,1591.0,1591.0,1,0,-0.33795709399809487
2965,239,WITHDRAWAL,6200.0,6200.0,1,0,-0.3232916008736311
2975,441,WITHDRAWAL,3300.0,12900.0,2,0,-0.33539852592315333
3002,441,WITHDRAWAL,44000.0,69341.0,3,0,-0.13850237374963603
3012,90,WITHDRAWAL,4372.0,18172.0,2,0,-0.3018169271939076
3019,319,WITHDRAWAL,49000.0,49030.0,2,0,-0.19598438833906462
3022,239,WITHDRAWAL,152.0,152.0,1,0,-0.3748436457797915
3043,319,WITHDRAWAL,1057.0,11522.5,4,0,-0.24158156464726654
3083,90,WITHDRAWAL,361.0,4733.0,2,0,-0.37178865815419676
3126,90,WITHDRAWAL,2375.0,5510.0,3,0,-0.31694880826833327
3156,378,WITHDRAWAL,8537.0,20177.2,3,0,-0.2915632981775086
3168,47,WITHDRAWAL,6940.0,6940.0,1,0,-0.34141255239616886
3197,90,WITHDRAWAL,2774.0,3135.0,2,0,-0.3546580038429851
3211,90,WITHDRAWAL,2375.0,5510.0,3,0,-0.31694880826833327
3229,90,WITHDRAWAL,4372.0,4372.0,1,0,-0.3319398170498401
3279,290,WITHDRAWAL,16200.0,16200.0,1,0,-0.24852793810195528
3297,90,WITHDRAWAL,2040.0,11100.0,3,0,-0.32777936406918096
3308,47,WITHDRAWAL,174.0,174.0,1,0,-0.36366471349245
3320,67,WITHDRAWAL,14.6,14.6,1,0,-0.386501812205743
3389,441,WITHDRAWAL,30.0,30.0,1,0,-0.38295594687480544
3409,90,WITHDRAWAL,361.0,4733.0,2,0,-0.37178865815419676
3417,378,WITHDRAWAL,14.6,14.6,1,0,-0.386501812205743
3446,239,WITHDRAWAL,5995.0,7189.0,3,0,-0.332263704528546
3456,68,WITHDRAWAL,1705.0,4105.0,2,0,-0.3613348578713924
3488,239,WITHDRAWAL,57100.0,57100.0,1,0,-0.10567034970495148
3505,485,WITHDRAWAL,7421.0,12584.0,3,0,-0.3389472964921487
3514,319,WITHDRAWAL,5200.0,5200.0,1,0,-0.32147503879570904
3549,485,WITHDRAWAL,1591.0,1591.0,1,0,-0.33795709399809487
3556,441,WITHDRAWAL,765.0,57465.0,2,0,-0.1650191008105707
3585,47,WITHDRAWAL,9.0,6949.0,2,0,-0.37076234353334037
3599,378,WITHDRAWAL,2.0,8539.0,2,0,-0.3584484984821475
3604,67,WITHDRAWAL,445.0,13753.0,3,0,-0.32466665355277546
3605,485,WITHDRAWAL,10800.0,27500.0,2,0,-0.2895349563816688
3644,319,WITHDRAWAL,2196.0,3669.0,3,0,-0.26571821415452934
3647,378,WITHDRAWAL,2700.0,2714.6,2,0,-0.35213792476294414
3649,68,WITHDRAWAL,100.0,100.0,1,0,-0.38093267365646144
3667,67,WITHDRAWAL,14.6,14.6,1,0,-0.386501812205743
3674,378,WITHDRAWAL,36300.0,36300.0,1,0,-0.1799728224302961
3686,67,WITHDRAWAL,6915.0,6915.0,1,0,-0.3379765486141795
3710,319,WITHDRAWAL,17700.0,17700.0,1,0,-0.2474395497542896
3717,47,WITHDRAWAL,24100.0,24274.0,2,0,-0.2980486736636222
3755,47,WITHDRAWAL,33700.0,33700.0,1,0,-0.1954950255665473
3804,90,WITHDRAWAL,361.0,14133.0,3,0,-0.320210369190141
3817,68,WITHDRAWAL,100.0,9400.0,3,0,-0.3243612021958227
3837,90,WITHDRAWAL,14.6,14.6,1,0,-0.386501812205743
3899,290,WITHDRAWAL,3274.0,5927.0,2,0,-0.37740775202652493
3937,90,WITHDRAWAL,2774.0,3135.0,2,0,-0.3546580038429851
4012,90,WITHDRAWAL,361.0,4733.0,2,0,-0.37178865815419676
4024,485,WITHDRAWAL,7800.0,7900.0,2,0,-0.3567842447848899
4041,67,WITHDRAWAL,6393.0,6393.0,1,0,-0.32629648210364537
4106,485,WITHDRAWAL,100.0,5200.0,2,0,-0.3763254790615089
4137,68,WITHDRAWAL,100.0,100.0,1,0,-0.38093267365646144
4155,319,WITHDRAWAL,6149.5,6565.5,2,0,-0.37239876493574336
4186,90,WITHDRAWAL,2520.0,18720.0,4,0,-0.23391832049093564
4202,47,WITHDRAWAL,6940.0,6940.0,1,0,-0.34141255239616886
4214,290,WITHDRAWAL,14.6,14.6,1,0,-0.386501812205743
4251,90,WITHDRAWAL,13400.0,13414.6,2,0,-0.32832949051987637
4271,485,WITHDRAWAL,1591.0,1591.0,1,0,-0.33795709399809487
4313,378,WITHDRAWAL,4.0,4.0,1,0,-0.3580044149305478
4317,441,WITHDRAWAL,10200.0,29630.0,3,0,-0.25530180893864296
4341,485,WITHDRAWAL,3572.0,37363.0,3,0,-0.21985886653792608
4366,239,WITHDRAWAL,46100.0,72800.0,3,0,-0.11999595006832564
4393,67,WITHDRAWAL,16300.0,16300.0,1,0,-0.24671667766069938
4398,441,WITHDRAWAL,30.0,12030.0,2,0,-0.3367182940857319
4406,441,WITHDRAWAL,6300.0,6300.0,1,0,-0.32387533509724853
4428,68,WITHDRAWAL,61.0,198.0,2,0,-0.28949381573266075
4451,67,WITHDRAWAL,445.0,13753.0,3,0,-0.32466665355277546
4458,239,WITHDRAWAL,48300.0,66930.0,3,0,-0.1456821839378173
4470,290,WITHDRAWAL,11400.0,11400.0,1,0,-0.2682418555666294
4475,68,WITHDRAWAL,6600.0,6600.0,1,0,-0.3303760499739182
4492,319,WITHDRAWAL,2196.0,9818.5,4,0,-0.246831355682828
4547,68,WITHDRAWAL,1705.0,1705.0,1,0,-0.3325821103629617
4557,290,WITHDRAWAL,41600.0,62900.0,2,0,-0.15053169346155426
4573,90,WITHDRAWAL,2774.0,3135.0,2,0,-0.3546580038429851
4592,441,WITHDRAWAL,765.0,49965.0,2,0,-0.1898364927916837
4595,290,WITHDRAWAL,2577.0,8504.0,3,0,-0.3304009786746747
4616,239,WITHDRAWAL,152.0,152.0,1,0,-0.3748436457797915
4658,68,WITHDRAWAL,1186.0,53091.0,3,0,-0.1766382735629165
4685,90,WITHDRAWAL,4372.0,4372.0,1,0,-0.3319398170498401
4689,90,WITHDRAWAL,2375.0,5510.0,3,0,-0.31694880826833327
4702,319,WITHDRAWAL,416.0,416.0,1,0,-0.3332725879851314
4752,319,WITHDRAWAL,1500.0,20100.0,2,0,-0.3041023170860603
4780,319,WITHDRAWAL,30.0,5730.0,2,0,-0.375387770978214
4795,485,WITHDRAWAL,25300.0,25300.0,1,0,-0.2186498521846082
4822,90,WITHDRAWAL,361.0,4733.0,2,0,-0.37178865815419676
4824,239,WITHDRAWAL,20500.0,26495.0,2,0,-0.2950790898667175
4827,441,WITHDRAWAL,22300.0,25341.0,2,0,-0.3016159801436765
4829,319,WITHDRAWAL,30.0,5230.0,2,0,-0.37662283015792414
4849,68,WITHDRAWAL,61.0,198.0,2,0,-0.28949381573266075
4851,67,WITHDRAWAL,6393.0,49193.0,3,0,-0.18877129752352684
4865,319,WITHDRAWAL,6149.5,26965.5,6,0,-0.0555985269312711
4866,319,WITHDRAWAL,1057.0,26073.0,3,0,-0.27869773443511314
4868,67,WITHDRAWAL,8100.0,8100.0,1,0,-0.3057792085777985
4876,485,WITHDRAWAL,100.0,100.0,1,0,-0.38093267365646144
4918,319,WITHDRAWAL,3300.0,12702.5,4,0,-0.24946325441441275
4927,68,WITHDRAWAL,137.0,137.0,1,0,-0.37326783095951477
4931,90,WITHDRAWAL,361.0,4733.0,2,0,-0.37178865815419676
4932,90,WITHDRAWAL,14.6,14.6,1,0,-0.386501812205743
4939,47,WITHDRAWAL,6600.0,6915.0,3,0,-0.32641408378022596
4952,485,WITHDRAWAL,1591.0,1591.0,1,0,-0.33795709399809487
4963,485,WITHDRAWAL,3572.0,5163.0,2,0,-0.3760405061722284
4977,441,WITHDRAWAL,28700.0,28700.0,1,0,-0.20288578622047637
4998,485,WITHDRAWAL,3572.0,5163.0,2,0,-0.3760405061722284
5003,378,WITHDRAWAL,2.0,8539.0,2,0,-0.3584484984821475
5029,68,WITHDRAWAL,1500.0,2686.0,2,0,-0.35127648093015607
5045,378,WITHDRAWAL,3840.2,3840.2,1,0,-0.33314223922242664
5047,319,WITHDRAWAL,416.0,11216.0,2,0,-0.33579337817098476
5053,239,WITHDRAWAL,1042.0,1194.0,2,0,-0.32363841481781136
5061,239,WITHDRAWAL,152.0,152.0,1,0,-0.3748436457797915
5062,239,WITHDRAWAL,5995.0,7189.0,3,0,-0.332263704528546
5070,239,WITHDRAWAL,2400.0,2400.0,1,0,-0.32435568103044865
5090,68,WITHDRAWAL,2400.0,6900.0,2,0,-0.36970119479487257
5091,90,WITHDRAWAL,2375.0,24310.0,4,0,-0.21776721939603283
5118,319,WITHDRAWAL,8100.0,26216.0,3,0,-0.27991569830598306
5210,90,WITHDRAWAL,13200.0,13200.0,1,0,-0.2634671398150894
5215,319,WITHDRAWAL,1057.0,1473.0,2,0,-0.329651596153048
5229,67,WITHDRAWAL,40700.0,40700.0,1,0,-0.15332938117189754
5256,90,WITHDRAWAL,361.0,4733.0,2,0,-0.37178865815419676
5267,319,WITHDRAWAL,32500.0,32500.0,1,0,-0.19929688158321812
5272,67,WITHDRAWAL,14.6,14.6,1,0,-0.386501812205743
5273,441,WITHDRAWAL,30.0,30.0,1,0,-0.38295594687480544
5289,47,WITHDRAWAL,9300.0,9300.0,1,0,-0.27951258632529785
5326,441,WITHDRAWAL,11000.0,11030.0,2,0,-0.33579337817098476
5381,47,WITHDRAWAL,8400.0,8400.0,1,0,-0.29596458231201395
5430,485,WITHDRAWAL,7421.0,12584.0,3,0,-0.3389472964921487
5442,239,WITHDRAWAL,30.0,19530.0,2,0,-0.30206416716151774
5448,90,WITHDRAWAL,14.6,14.6,1,0,-0.386501812205743
5452,47,WITHDRAWAL,174.0,174.0,1,0,-0.36366471349245
5466,290,WITHDRAWAL,2577.0,8504.0,3,0,-0.3304009786746747
5510,441,WITHDRAWAL,3041.0,14041.0,2,0,-0.3196118049847639
5521,47,WITHDRAWAL,174.0,174.0,1,0,-0.36366471349245
5597,378,WITHDRAWAL,2.0,8539.0,2,0,-0.3584484984821475
5648,239,WITHDRAWAL,21500.0,21500.0,1,0,-0.2581509095747633
5665,90,WITHDRAWAL,361.0,4733.0,2,0,-0.37178865815419676
5706,68,WITHDRAWAL,61.0,198.0,2,0,-0.28949381573266075
5709,239,WITHDRAWAL,45200.0,45200.0,1,0,-0.13924393541967595
5725,319,WITHDRAWAL,2100.0,10596.0,3,0,-0.3265505555825241
5729,68,WITHDRAWAL,100.0,4000.0,2,0,-0.35931293270001385
5763,485,WITHDRAWAL,100.0,100.0,1,0,-0.38093267365646144
5785,290,WITHDRAWAL,2653.0,2653.0,1,0,-0.3423532135820687
5792,378,WITHDRAWAL,4.0,4.0,1,0,-0.3580044149305478
5845,378,WITHDRAWAL,1184.0,52263.2,5,0,-0.06122713689534798
5865,90,WITHDRAWAL,361.0,4733.0,2,0,-0.37178865815419676
5887,239,WITHDRAWAL,5995.0,7189.0,3,0,-0.332263704528546
5888,378,WITHDRAWAL,2.0,43939.0,3,0,-0.20105080694691613
5890,90,WITHDRAWAL,4372.0,17732.0,3,0,-0.29847688653138527
5891,239,WITHDRAWAL,30.0,30.0,1,0,-0.38295594687480544
5910,67,WITHDRAWAL,6393.0,13308.0,2,0,-0.3289180861402688
5914,319,WITHDRAWAL,30.0,30.0,1,0,-0.38295594687480544
5950,485,WITHDRAWAL,100.0,100.0,1,0,-0.38093267365646144
5996,90,WITHDRAWAL,14200.0,18933.0,3,0,-0.2972150059719798
6013,290,WITHDRAWAL,38500.0,38500.0,1,0,-0.16584604024180705
6026,47,WITHDRAWAL,2700.0,2714.6,2,0,-0.35213792476294414
6044,319,WITHDRAWAL,30.0,30.0,1,0,-0.38295594687480544
6053,67,WITHDRAWAL,14.6,10914.6,2,0,-0.33327429125391766
6059,47,WITHDRAWAL,19200.0,19200.0,1,0,-0.25387912642273514
6084,378,WITHDRAWAL,4.0,4.0,1,0,-0.3580044149305478
6102,47,WITHDRAWAL,14.6,14.6,1,0,-0.386501812205743
6115,485,WITHDRAWAL,100.0,4300.0,2,0,-0.3633953648715416
6161,319,WITHDRAWAL,416.0,416.0,1,0,-0.3332725879851314
6167,47,WITHDRAWAL,6940.0,6940.0,1,0,-0.34141255239616886
6190,67,WITHDRAWAL,6393.0,6393.0,1,0,-0.32629648210364537
6196,378,WITHDRAWAL,1184.0,67163.2,6,0,-0.008269164452609945
6233,239,WITHDRAWAL,4500.0,4530.0,2,0,-0.3676545075657043
6280,239,WITHDRAWAL,30.0,30.0,1,0,-0.38295594687480544
6299,239,WITHDRAWAL,152.0,152.0,1,0,-0.3748436457797915
6313,90,WITHDRAWAL,361.0,4733.0,2,0,-0.37178865815419676
6349,239,WITHDRAWAL,1042.0,1194.0,2,0,-0.32363841481781136
6360,319,WITHDRAWAL,1057.0,1473.0,2,0,-0.329651596153048
6378,441,WITHDRAWAL,3041.0,3041.0,1,0,-0.3431607943603493
6386,67,WITHDRAWAL,6393.0,13308.0,2,0,-0.3289180861402688
6400,239,WITHDRAWAL,5995.0,55889.0,4,0,-0.12265765998902134
6458,90,WITHDRAWAL,4372.0,4372.0,1,0,-0.3319398170498401
6461,319,WITHDRAWAL,30.0,5530.0,2,0,-0.3758813896219223
6463,290,WITHDRAWAL,3274.0,5927.0,2,0,-0.37740775202652493
6509,90,WITHDRAWAL,2774.0,3135.0,2,0,-0.3546580038429851
6530,485,WITHDRAWAL,1591.0,1591.0,1,0,-0.33795709399809487
6568,47,WITHDRAWAL,14.6,14.6,1,0,-0.386501812205743
6596,319,WITHDRAWAL,1057.0,7622.5,3,0,-0.3231601029207476
6774,378,WITHDRAWAL,8537.0,49877.2,3,0,-0.1881017210964181
6799,378,WITHDRAWAL,4.0,4.0,1,0,-0.3580044149305478
6839,485,WITHDRAWAL,100.0,100.0,1,0,-0.38093267365646144
6856,441,WITHDRAWAL,765.0,765.0,1,0,-0.3095217688977081
6905,47,WITHDRAWAL,141.0,315.0,2,0,-0.2984976101261297
6939,67,WITHDRAWAL,445.0,13753.0,3,0,-0.32466665355277546
6958,441,WITHDRAWAL,3041.0,3041.0,1,0,-0.3431607943603493
6978,485,WITHDRAWAL,3572.0,5163.0,2,0,-0.3760405061722284
6994,290,WITHDRAWAL,2577.0,8504.0,3,0,-0.3304009786746747
7007,441,WITHDRAWAL,3041.0,22141.0,3,0,-0.2827291538287123
7023,319,WITHDRAWAL,2196.0,11769.0,4,0,-0.24071364368251302
7024,485,WITHDRAWAL,100.0,100.0,1,0,-0.38093267365646144
7034,378,WITHDRAWAL,3000.0,3000.0,1,0,-0.3410398655561302
7036,90,WITHDRAWAL,2774.0,17335.0,3,0,-0.3019847596537329
7060,485,WITHDRAWAL,1591.0,1591.0,1,0,-0.33795709399809487
7071,441,WITHDRAWAL,3041.0,3041.0,1,0,-0.3431607943603493
7076,67,WITHDRAWAL,445.0,6838.0,2,0,-0.37121281985034205
7079,47,WITHDRAWAL,11800.0,52300.0,2,0,-0.17520146867684194
7129,68,WITHDRAWAL,137.0,137.0,1,0,-0.37326783095951477
7130,378,WITHDRAWAL,1184.0,27463.2,5,0,-0.10972560787031338
7134,47,WITHDRAWAL,3600.0,11414.6,3,0,-0.328471734430844
7135,239,WITHDRAWAL,20100.0,20100.0,1,0,-0.24619129487310754
7158,485,WITHDRAWAL,100.0,100.0,1,0,-0.38093267365646144
7167,319,WITHDRAWAL,6149.5,6565.5,2,0,-0.37239876493574336
7170,68,WITHDRAWAL,33000.0,33198.0,3,0,-0.231165377321077
7276,441,WITHDRAWAL,30.0,8730.0,2,0,-0.35202884336582013
7337,68,WITHDRAWAL,61.0,16698.0,3,0,-0.30536536404419845
7354,68,WITHDRAWAL,4400.0,4500.0,2,0,-0.3670580990136806
7382,90,WITHDRAWAL,1800.0,8054.6,4,0,-0.21714333968966937
7400,290,WITHDRAWAL,14.6,14.6,1,0,-0.386501812205743
7412,441,WITHDRAWAL,3041.0,3041.0,1,0,-0.3431607943603493
7421,441,WITHDRAWAL,30.0,19430.0,2,0,-0.3015316041461256
7426,47,WITHDRAWAL,9.0,9649.0,3,0,-0.32409419001594036
7456,485,WITHDRAWAL,7421.0,12584.0,3,0,-0.3389472964921487
7459,67,WITHDRAWAL,8700.0,15538.0,3,0,-0.3109546486411827
7482,68,WITHDRAWAL,61.0,198.0,2,0,-0.28949381573266075
7496,485,WITHDRAWAL,7421.0,12584.0,3,0,-0.3389472964921487
7514,485,WITHDRAWAL,100.0,100.0,1,0,-0.38093267365646144
7546,239,WITHDRAWAL,30.0,30.0,1,0,-0.38295594687480544
7563,290,WITHDRAWAL,14.6,14.6,1,0,-0.386501812205743
7564,290,WITHDRAWAL,3274.0,5927.0,2,0,-0.37740775202652493
7598,47,WITHDRAWAL,9.0,6949.0,2,0,-0.37076234353334037
7601,485,WITHDRAWAL,18900.0,18900.0,1,0,-0.25355201703744024
7605,68,WITHDRAWAL,61.0,11298.0,3,0,-0.3295842631381674
7645,239,WITHDRAWAL,30.0,3030.0,2,0,-0.3572042709323637
7652,319,WITHDRAWAL,2196.0,13718.5,5,0,-0.12162397677893355
7679,319,WITHDRAWAL,1800.0,29516.0,6,0,-0.04856478348696924
7692,90,WITHDRAWAL,11300.0,12020.0,2,0,-0.3367182940857319
7696,378,WITHDRAWAL,3840.2,41340.2,2,0,-0.21903619865838564
7718,485,WITHDRAWAL,1591.0,1591.0,1,0,-0.33795709399809487
7721,67,WITHDRAWAL,6393.0,13308.0,2,0,-0.3289180861402688
7752,68,WITHDRAWAL,11100.0,31500.0,3,0,-0.2458841606812544
7776,441,WITHDRAWAL,3041.0,3041.0,1,0,-0.3431607943603493
7789,239,WITHDRAWAL,5995.0,7189.0,3,0,-0.332263704528546
7795,47,WITHDRAWAL,141.0,20015.0,3,0,-0.29013996116573537
7815,378,WITHDRAWAL,4.0,4.0,1,0,-0.3580044149305478
7830,441,WITHDRAWAL,18900.0,19665.0,2,0,-0.3027980156202013
7835,68,WITHDRAWAL,1705.0,1705.0,1,0,-0.3325821103629617
7847,47,WITHDRAWAL,6940.0,6940.0,1,0,-0.34141255239616886
7875,485,WITHDRAWAL,100.0,100.0,1,0,-0.38093267365646144
7940,47,WITHDRAWAL,6940.0,41340.0,2,0,-0.21903619865838564
7945,68,WITHDRAWAL,20900.0,20900.0,1,0,-0.2544940053282032
7996,441,WITHDRAWAL,63800.0,66841.0,2,0,-0.12383287697364487
7999,68,WITHDRAWAL,7500.0,7500.0,1,0,-0.31684202959324775
8008,47,WITHDRAWAL,141.0,315.0,2,0,-0.2984976101261297
8044,90,WITHDRAWAL,361.0,4733.0,2,0,-0.37178865815419676
8049,47,WITHDRAWAL,141.0,315.0,2,0,-0.2984976101261297
8070,441,WITHDRAWAL,3041.0,3041.0,1,0,-0.3431607943603493
8085,485,WITHDRAWAL,1591.0,1591.0,1,0,-0.33795709399809487
8094,67,WITHDRAWAL,445.0,13753.0,3,0,-0.32466665355277546
8111,239,WITHDRAWAL,152.0,152.0,1,0,-0.3748436457797915
8119,378,WITHDRAWAL,3840.2,14340.2,2,0,-0.31604506727342535
8120,68,WITHDRAWAL,11100.0,23700.0,2,0,-0.30033522131726503
8122,378,WITHDRAWAL,8537.0,35577.2,3,0,-0.2219234516209242
8143,290,WITHDRAWAL,3274.0,5927.0,2,0,-0.37740775202652493
8152,67,WITHDRAWAL,445.0,6838.0,2,0,-0.37121281985034205
8168,239,WITHDRAWAL,1000.0,6552.0,3,0,-0.32254293917701304
8176,47,WITHDRAWAL,14.6,14.6,1,0,-0.386501812205743
8201,90,WITHDRAWAL,2400.0,2414.6,2,0,-0.33987917982126065
8272,239,WITHDRAWAL,5995.0,7189.0,3,0,-0.332263704528546
8301,441,WITHDRAWAL,30.0,30.0,1,0,-0.38295594687480544
8305,90,WITHDRAWAL,14.6,14.6,1,0,-0.386501812205743
8332,239,WITHDRAWAL,23200.0,30389.0,4,0,-0.19097199875848536
8351,319,WITHDRAWAL,12900.0,12900.0,1,0,-0.26286689708615185
8383,47,WITHDRAWAL,141.0,315.0,2,0,-0.2984976101261297
8500,319,WITHDRAWAL,6149.5,6565.5,2,0,-0.37239876493574336
8525,67,WITHDRAWAL,445.0,6838.0,2,0,-0.37121281985034205
8587,290,WITHDRAWAL,7800.0,7800.0,1,0,-0.3142151251552963
8597,68,WITHDRAWAL,1186.0,2891.0,2,0,-0.3575248157469357
8612,290,WITHDRAWAL,3274.0,5927.0,2,0,-0.37740775202652493
8632,47,WITHDRAWAL,141.0,315.0,2,0,-0.2984976101261297
8701,68,WITHDRAWAL,1705.0,1705.0,1,0,-0.3325821103629617
8737,319,WITHDRAWAL,5500.0,5500.0,1,0,-0.3200925015275148
8740,68,WITHDRAWAL,1186.0,2891.0,2,0,-0.3575248157469357
8747,47,WITHDRAWAL,9.0,6949.0,2,0,-0.37076234353334037
8761,47,WITHDRAWAL,14.6,14.6,1,0,-0.386501812205743
8785,90,WITHDRAWAL,2774.0,13335.0,3,0,-0.32886091063497974
8790,67,WITHDRAWAL,14.6,14.6,1,0,-0.386501812205743
8800,90,WITHDRAWAL,2774.0,3135.0,2,0,-0.3546580038429851
8822,239,WITHDRAWAL,152.0,152.0,1,0,-0.3748436457797915
8850,90,WITHDRAWAL,2774.0,4095.0,3,0,-0.28273909364559136
8864,90,WITHDRAWAL,4372.0,4372.0,1,0,-0.3319398170498401
8874,239,WITHDRAWAL,152.0,152.0,1,0,-0.3748436457797915
8876,290,WITHDRAWAL,12600.0,18527.0,3,0,-0.2954120021340151
8878,67,WITHDRAWAL,41400.0,41400.0,1,0,-0.15553521514033086
8910,67,WITHDRAWAL,25800.0,32638.0,3,0,-0.23613981698750142
8958,67,WITHDRAWAL,6915.0,6915.0,1,0,-0.3379765486141795
8964,67,WITHDRAWAL,445.0,39753.0,4,0,-0.16546249168746008
8983,67,WITHDRAWAL,445.0,6838.0,2,0,-0.37121281985034205
9035,239,WITHDRAWAL,30.0,30.0,1,0,-0.38295594687480544
9072,485,WITHDRAWAL,7421.0,12584.0,3,0,-0.3389472964921487
9152,47,WITHDRAWAL,9.0,6949.0,2,0,-0.37076234353334037
9179,67,WITHDRAWAL,12300.0,12314.6,2,0,-0.33246578569539076
9202,47,WITHDRAWAL,174.0,174.0,1,0,-0.36366471349245
9279,90,WITHDRAWAL,25120.0,32055.0,3,0,-0.23971249284413243
9358,239,WITHDRAWAL,152.0,152.0,1,0,-0.3748436457797915
9366,319,WITHDRAWAL,416.0,416.0,1,0,-0.3332725879851314
9369,68,WITHDRAWAL,61.0,198.0,2,0,-0.28949381573266075
9412,485,WITHDRAWAL,100.0,100.0,1,0,-0.38093267365646144
9496,47,WITHDRAWAL,24200.0,24214.6,2,0,-0.2980486736636222
9499,47,WITHDRAWAL,174.0,174.0,1,0,-0.36366471349245
9500,441,WITHDRAWAL,765.0,765.0,1,0,-0.3095217688977081
9523,290,WITHDRAWAL,14.6,14.6,1,0,-0.386501812205743
9544,239,WITHDRAWAL,5995.0,7189.0,3,0,-0.332263704528546
9585,47,WITHDRAWAL,2700.0,2841.0,2,0,-0.3553767335085294
9587,68,WITHDRAWAL,1186.0,24591.0,3,0,-0.27744636057594907
9627,47,WITHDRAWAL,12600.0,12614.6,2,0,-0.33273330357025843
9635,378,WITHDRAWAL,3500.0,3514.6,2,0,-0.3518663114078809
9652,67,WITHDRAWAL,15400.0,21400.0,2,0,-0.3058387480474154
9704,47,WITHDRAWAL,6940.0,45340.0,2,0,-0.20909670193101915
9798,90,WITHDRAWAL,361.0,4733.0,2,0,-0.37178865815419676
9833,68,WITHDRAWAL,4200.0,37298.0,6,0,-0.04099481611055744
9842,441,WITHDRAWAL,3041.0,3041.0,1,0,-0.3431607943603493
9874,290,WITHDRAWAL,11100.0,11114.6,2,0,-0.33579337817098476
9882,68,WITHDRAWAL,1186.0,2891.0,2,0,-0.3575248157469357
9942,485,WITHDRAWAL,3572.0,5163.0,2,0,-0.3760405061722284
9960,441,WITHDRAWAL,25400.0,25400.0,1,0,-0.21534507229106137
9965,378,WITHDRAWAL,1184.0,36763.2,5,0,-0.09121868222626306
10008,67,WITHDRAWAL,6393.0,17793.0,2,0,-0.29869101901589795
10044,47,WITHDRAWAL,14.6,14.6,1,0,-0.386501812205743
10075,67,WITHDRAWAL,445.0,34053.0,4,0,-0.18076131361650516
10102,68,WITHDRAWAL,137.0,137.0,1,0,-0.37326783095951477
10104,90,WITHDRAWAL,2375.0,5510.0,3,0,-0.31694880826833327
10106,290,WITHDRAWAL,3274.0,5927.0,2,0,-0.37740775202652493
10141,485,WITHDRAWAL,100.0,100.0,1,0,-0.38093267365646144
10166,485,WITHDRAWAL,7500.0,7500.0,1,0,-0.31684202959324775
10228,239,WITHDRAWAL,5995.0,7189.0,3,0,-0.332263704528546
10233,67,WITHDRAWAL,8700.0,8700.0,1,0,-0.2869203373544092
10241,485,WITHDRAWAL,100.0,100.0,1,0,-0.38093267365646144
10344,239,WITHDRAWAL,1042.0,1194.0,2,0,-0.32363841481781136
10396,290,WITHDRAWAL,2200.0,2200.0,1,0,-0.32646333486378226
10415,47,WITHDRAWAL,12200.0,12515.0,3,0,-0.33615249719394535
10428,485,WITHDRAWAL,1591.0,1591.0,1,0,-0.33795709399809487
10499,68,WITHDRAWAL,1705.0,26005.0,2,0,-0.29677322624827907
10514,441,WITHDRAWAL,6300.0,12900.0,2,0,-0.33539852592315333
10519,47,WITHDRAWAL,14.6,14.6,1,0,-0.386501812205743
10569,441,WITHDRAWAL,3041.0,3041.0,1,0,-0.3431607943603493
10595,319,WITHDRAWAL,2196.0,9818.5,4,0,-0.246831355682828
10675,239,WITHDRAWAL,30.0,30.0,1,0,-0.38295594687480544
10688,47,WITHDRAWAL,6940.0,6940.0,1,0,-0.34141255239616886
10716,68,WITHDRAWAL,1186.0,41591.0,3,0,-0.19842740183348917
10719,47,WITHDRAWAL,14.6,14.6,1,0,-0.386501812205743
10731,90,WITHDRAWAL,2375.0,5510.0,3,0,-0.31694880826833327
10740,290,WITHDRAWAL,14.6,11714.6,3,0,-0.3287747383598454
10784,290,WITHDRAWAL,2653.0,2653.0,1,0,-0.3423532135820687
10791,485,WITHDRAWAL,7421.0,12584.0,3,0,-0.3389472964921487
10807,441,WITHDRAWAL,30.0,30.0,1,0,-0.38295594687480544
10819,67,WITHDRAWAL,15900.0,22738.0,3,0,-0.27970361924107034
10839,441,WITHDRAWAL,30.0,30.0,1,0,-0.38295594687480544
10864,290,WITHDRAWAL,3274.0,5927.0,2,0,-0.37740775202652493
10870,319,WITHDRAWAL,1057.0,7622.5,3,0,-0.3231601029207476
10888,441,WITHDRAWAL,30.0,30.0,1,0,-0.38295594687480544
10891,485,WITHDRAWAL,3572.0,5163.0,2,0,-0.3760405061722284
10923,378,WITHDRAWAL,1184.0,13563.2,4,0,-0.25307975106204383
10946,485,WITHDRAWAL,7421.0,12584.0,3,0,-0.3389472964921487
10960,319,WITHDRAWAL,7900.0,7900.0,1,0,-0.3106269025436848
10967,319,WITHDRAWAL,30.0,30.0,1,0,-0.38295594687480544
11015,319,WITHDRAWAL,416.0,416.0,1,0,-0.3332725879851314
11018,67,WITHDRAWAL,445.0,13753.0,3,0,-0.32466665355277546
11089,68,WITHDRAWAL,61.0,198.0,2,0,-0.28949381573266075
11115,68,WITHDRAWAL,10800.0,10998.0,3,0,-0.3274729475846181
11116,319,WITHDRAWAL,1057.0,4973.0,3,0,-0.3026142862663186
11138,47,WITHDRAWAL,174.0,174.0,1,0,-0.36366471349245
11186,290,WITHDRAWAL,9300.0,9300.0,1,0,-0.27951258632529785
11199,90,WITHDRAWAL,2375.0,5510.0,3,0,-0.31694880826833327
11209,290,WITHDRAWAL,2577.0,8504.0,3,0,-0.3304009786746747
11217,319,WITHDRAWAL,2196.0,131218.5,6,1,0.044670463236974656
11245,441,WITHDRAWAL,765.0,45065.0,2,0,-0.21075527222582346
11264,67,WITHDRAWAL,14.6,14.6,1,0,-0.386501812205743
11270,485,WITHDRAWAL,5700.0,16500.0,2,0,-0.31606480520614866
11289,47,WITHDRAWAL,141.0,315.0,2,0,-0.2984976101261297
11290,68,WITHDRAWAL,1186.0,2891.0,2,0,-0.3575248157469357
11308,441,WITHDRAWAL,2100.0,20530.0,4,0,-0.2358815007603995
11319,441,WITHDRAWAL,3900.0,3900.0,1,0,-0.33173763349685736
11321,239,WITHDRAWAL,5995.0,7189.0,3,0,-0.332263704528546
11366,47,WITHDRAWAL,9.0,6949.0,2,0,-0.37076234353334037
11417,67,WITHDRAWAL,6393.0,6393.0,1,0,-0.32629648210364537
11421,319,WITHDRAWAL,5800.0,5830.0,2,0,-0.3763757257310875
11498,90,WITHDRAWAL,14.6,14.6,1,0,-0.386501812205743
11537,485,WITHDRAWAL,100.0,56700.0,2,0,-0.1664646611136923
11538,68,WITHDRAWAL,1186.0,2891.0,2,0,-0.3575248157469357
11577,90,WITHDRAWAL,960.0,3335.0,2,0,-0.34938693352652433
11606,441,WITHDRAWAL,54000.0,61541.0,3,0,-0.1636835537770257
11609,239,WITHDRAWAL,30.0,30.0,1,0,-0.38295594687480544
11617,378,WITHDRAWAL,3300.0,3300.0,1,0,-0.3316000043044171
11620,441,WITHDRAWAL,3900.0,40200.0,5,0,-0.07958281158594749
11621,319,WITHDRAWAL,2196.0,9818.5,4,0,-0.246831355682828
11656,378,WITHDRAWAL,2.0,49539.0,3,0,-0.1881017210964181
11668,441,WITHDRAWAL,30.0,30.0,1,0,-0.38295594687480544
11686,290,WITHDRAWAL,2653.0,2653.0,1,0,-0.3423532135820687
11748,239,WITHDRAWAL,21900.0,21900.0,1,0,-0.25549287528898157
11757,67,WITHDRAWAL,14.6,14.6,1,0,-0.386501812205743
11798,239,WITHDRAWAL,18300.0,25337.0,3,0,-0.2773132183848088
11858,90,WITHDRAWAL,2375.0,20070.0,4,0,-0.23461986636581744
11913,485,WITHDRAWAL,3572.0,5163.0,2,0,-0.3760405061722284
11929,67,WITHDRAWAL,6915.0,38415.0,2,0,-0.21927260672600746
11939,378,WITHDRAWAL,1184.0,20663.2,5,0,-0.12165844868047182
11946,485,WITHDRAWAL,6300.0,10800.0,2,0,-0.33235453572546997
11958,485,WITHDRAWAL,3572.0,5163.0,2,0,-0.3760405061722284
11984,319,WITHDRAWAL,9900.0,9900.0,1,0,-0.27973424667124813
12007,239,WITHDRAWAL,5995.0,7189.0,3,0,-0.332263704528546
12017,47,WITHDRAWAL,6940.0,6940.0,1,0,-0.34141255239616886
12039,90,WITHDRAWAL,9900.0,9900.0,1,0,-0.27973424667124813
12045,441,WITHDRAWAL,3600.0,11430.0,3,0,-0.328471734430844
12127,68,WITHDRAWAL,100.0,100.0,1,0,-0.38093267365646144
12159,68,WITHDRAWAL,3900.0,4098.0,3,0,-0.28273909364559136
12181,319,WITHDRAWAL,30.0,30.0,1,0,-0.38295594687480544
12203,239,WITHDRAWAL,19300.0,19300.0,1,0,-0.2534487413911545
12226,68,WITHDRAWAL,1186.0,2891.0,2,0,-0.3575248157469357
12290,485,WITHDRAWAL,7421.0,12584.0,3,0,-0.3389472964921487
12314,485,WITHDRAWAL,3572.0,16063.0,3,0,-0.3045335256856582
12316,68,WITHDRAWAL,4200.0,4200.0,1,0,-0.3318355765364844
12317,441,WITHDRAWAL,3041.0,3041.0,1,0,-0.3431607943603493
12328,239,WITHDRAWAL,29500.0,29500.0,1,0,-0.1988823555601562
12350,239,WITHDRAWAL,5995.0,10789.0,4,0,-0.24223881584383788
12362,239,WITHDRAWAL,18300.0,18300.0,1,0,-0.24862363208500582
12376,68,WITHDRAWAL,9600.0,9798.0,3,0,-0.32536374167881216
12388,47,WITHDRAWAL,3900.0,20400.0,2,0,-0.305696778158858
12389,485,WITHDRAWAL,3572.0,5163.0,2,0,-0.3760405061722284
12445,441,WITHDRAWAL,3041.0,3041.0,1,0,-0.3431607943603493
12463,290,WITHDRAWAL,14.6,14.6,1,0,-0.386501812205743
12468,441,WITHDRAWAL,42400.0,45441.0,2,0,-0.20909670193101915
12484,319,WITHDRAWAL,6149.5,6565.5,2,0,-0.37239876493574336
12485,441,WITHDRAWAL,4800.0,18300.0,4,0,-0.23666183731675428
12525,441,WITHDRAWAL,35500.0,38541.0,2,0,-0.2181322687376107
12550,67,WITHDRAWAL,19500.0,19945.0,2,0,-0.30632070984708815
12603,68,WITHDRAWAL,1186.0,2891.0,2,0,-0.3575248157469357
12609,67,WITHDRAWAL,445.0,13753.0,3,0,-0.32466665355277546
12641,378,WITHDRAWAL,1184.0,9723.0,3,0,-0.32378527934937484
12656,441,WITHDRAWAL,765.0,25465.0,2,0,-0.30292936684559074
12706,68,WITHDRAWAL,1705.0,1705.0,1,0,-0.3325821103629617
12714,485,WITHDRAWAL,11100.0,11100.0,1,0,-0.2753425634129675
12715,68,WITHDRAWAL,1186.0,2891.0,2,0,-0.3575248157469357
12739,378,WITHDRAWAL,4.0,4.0,1,0,-0.3580044149305478
12885,47,WITHDRAWAL,14.6,14.6,1,0,-0.386501812205743
12901,68,WITHDRAWAL,1705.0,12805.0,2,0,-0.33576199309052596
12904,90,WITHDRAWAL,2375.0,5510.0,3,0,-0.31694880826833327
12918,319,WITHDRAWAL,1057.0,1473.0,2,0,-0.329651596153048
12930,90,WITHDRAWAL,4372.0,20572.0,2,0,-0.3067781970998797
12938,47,WITHDRAWAL,26200.0,33149.0,3,0,-0.23130645673068806
13031,67,WITHDRAWAL,6915.0,6915.0,1,0,-0.3379765486141795
13040,378,WITHDRAWAL,4.0,4.0,1,0,-0.3580044149305478
13075,485,WITHDRAWAL,1591.0,1591.0,1,0,-0.33795709399809487
13089,47,WITHDRAWAL,6940.0,6940.0,1,0,-0.34141255239616886
13100,441,WITHDRAWAL,28400.0,31441.0,2,0,-0.252823571346097
13123,90,WITHDRAWAL,4372.0,4372.0,1,0,-0.3319398170498401
13127,485,WITHDRAWAL,3572.0,5163.0,2,0,-0.3760405061722284
13144,68,WITHDRAWAL,1705.0,32805.0,2,0,-0.24321598428944724
13278,90,WITHDRAWAL,361.0,4733.0,2,0,-0.37178865815419676
13332,319,WITHDRAWAL,2196.0,9818.5,4,0,-0.246831355682828
13335,290,WITHDRAWAL,14700.0,14700.0,1,0,-0.2532204834821242
13351,378,WITHDRAWAL,1184.0,9723.0,3,0,-0.32378527934937484
13365,47,WITHDRAWAL,141.0,315.0,2,0,-0.2984976101261297
13384,90,WITHDRAWAL,13800.0,13800.0,1,0,-0.2597381935691343
13398,485,WITHDRAWAL,14400.0,25393.0,3,0,-0.27765356077751924
13433,441,WITHDRAWAL,30.0,2130.0,2,0,-0.3357844032573918
13445,68,WITHDRAWAL,137.0,637.0,2,0,-0.30028759950219946
13481,378,WITHDRAWAL,3840.2,3840.2,1,0,-0.33314223922242664
13497,290,WITHDRAWAL,10800.0,19304.0,4,0,-0.23576428601920507
13509,47,WITHDRAWAL,23200.0,23200.0,1,0,-0.23969307665679251
13511,67,WITHDRAWAL,7500.0,7514.6,2,0,-0.3625638276303086
13533,47,WITHDRAWAL,9.0,6949.0,2,0,-0.37076234353334037
13536,68,WITHDRAWAL,19100.0,19100.0,1,0,-0.254946980494307
13559,441,WITHDRAWAL,765.0,765.0,1,0,-0.3095217688977081
13598,485,WITHDRAWAL,100.0,8500.0,2,0,-0.35643869624897345
13619,239,WITHDRAWAL,152.0,152.0,1,0,-0.3748436457797915
13620,441,WITHDRAWAL,62300.0,65341.0,2,0,-0.1360268282841529
13653,319,WITHDRAWAL,32200.0,57630.0,3,0,-0.17192624301533965
13705,47,WITHDRAWAL,141.0,3915.0,3,0,-0.27059646865109777
13731,90,WITHDRAWAL,361.0,4733.0,2,0,-0.37178865815419676
13789,290,WITHDRAWAL,2000.0,2000.0,1,0,-0.3293983780663785
13790,47,WITHDRAWAL,63300.0,63300.0,1,0,-0.0883691190049406
13819,67,WITHDRAWAL,7600.0,24814.6,3,0,-0.27744636057594907
13823,441,WITHDRAWAL,13400.0,13400.0,1,0,-0.2647243649880645
13825,239,WITHDRAWAL,152.0,152.0,1,0,-0.3748436457797915
13848,485,WITHDRAWAL,3900.0,3900.0,1,0,-0.33173763349685736
13864,67,WITHDRAWAL,14.6,5414.6,2,0,-0.3761500961746851
13873,290,WITHDRAWAL,2577.0,24104.0,5,0,-0.11496984628248741
13894,47,WITHDRAWAL,4500.0,4514.6,2,0,-0.3676545075657043
13941,441,WITHDRAWAL,30.0,13830.0,2,0,-0.32301086295685044
13956,485,WITHDRAWAL,35000.0,35000.0,1,0,-0.18381459189681948
13976,239,WITHDRAWAL,152.0,152.0,1,0,-0.3748436457797915
14001,90,WITHDRAWAL,2774.0,3135.0,2,0,-0.3546580038429851
14003,239,WITHDRAWAL,14100.0,50537.0,4,0,-0.13193857368175432
14042,47,WITHDRAWAL,5100.0,16200.0,3,0,-0.3031946458025512
14049,90,WITHDRAWAL,361.0,4733.0,2,0,-0.37178865815419676
14076,485,WITHDRAWAL,3572.0,5163.0,2,0,-0.3760405061722284
14085,67,WITHDRAWAL,5600.0,5614.6,2,0,-0.37609783762487115
14107,90,WITHDRAWAL,4372.0,17772.0,2,0,-0.29869101901589795
14109,90,WITHDRAWAL,14.6,2174.6,2,0,-0.335590231913995
14110,290,WITHDRAWAL,14.6,14.6,1,0,-0.386501812205743
14113,47,WITHDRAWAL,14.6,14.6,1,0,-0.386501812205743
14130,441,WITHDRAWAL,30.0,30.0,1,0,-0.38295594687480544
14200,47,WITHDRAWAL,14.6,14.6,1,0,-0.386501812205743
14212,47,WITHDRAWAL,2700.0,2700.0,1,0,-0.33969276714510377
14285,68,WITHDRAWAL,100.0,100.0,1,0,-0.38093267365646144
14289,239,WITHDRAWAL,22500.0,29537.0,3,0,-0.25609996872121266
14301,378,WITHDRAWAL,8537.0,14777.2,3,0,-0.3150302678206166
14309,47,WITHDRAWAL,6940.0,9640.0,2,0,-0.3421365605464074
14316,290,WITHDRAWAL,14.6,14.6,1,0,-0.386501812205743
14321,67,WITHDRAWAL,6915.0,6915.0,1,0,-0.3379765486141795
14334,47,WITHDRAWAL,3000.0,15914.6,3,0,-0.30384116848682396
14360,378,WITHDRAWAL,23200.0,23204.0,2,0,-0.29589046322324497
14388,90,WITHDRAWAL,2375.0,5510.0,3,0,-0.31694880826833327
14406,90,WITHDRAWAL,3360.0,3360.0,1,0,-0.3309236503927269
14418,47,WITHDRAWAL,6940.0,6940.0,1,0,-0.34141255239616886
14454,90,WITHDRAWAL,2774.0,27035.0,3,0,-0.2755146874229729
14496,47,WITHDRAWAL,6940.0,6940.0,1,0,-0.34141255239616886
14505,239,WITHDRAWAL,30.0,30.0,1,0,-0.38295594687480544
14514,90,WITHDRAWAL,720.0,720.0,1,0,-0.30922674650412824
14543,290,WITHDRAWAL,3274.0,5927.0,2,0,-0.37740775202652493
14567,239,WITHDRAWAL,5700.0,24000.0,2,0,-0.29723166670982665
14580,90,WITHDRAWAL,4160.0,4160.0,1,0,-0.3329593859119328
14604,68,WITHDRAWAL,20300.0,20300.0,1,0,-0.2498027320346995
14611,485,WITHDRAWAL,3300.0,27300.0,2,0,-0.2910393000482359
14621,47,WITHDRAWAL,174.0,174.0,1,0,-0.36366471349245
14647,485,WITHDRAWAL,1591.0,1591.0,1,0,-0.33795709399809487
14676,239,WITHDRAWAL,5995.0,7189.0,3,0,-0.332263704528546
14705,67,WITHDRAWAL,20800.0,36238.0,4,0,-0.18130611787380224
14730,47,WITHDRAWAL,14.6,21814.6,2,0,-0.30099120163344684
14738,239,WITHDRAWAL,30.0,30.0,1,0,-0.38295594687480544
14774,68,WITHDRAWAL,1705.0,28705.0,2,0,-0.2732369881669866
14781,90,WITHDRAWAL,2375.0,5510.0,3,0,-0.31694880826833327
14785,485,WITHDRAWAL,3572.0,5163.0,2,0,-0.3760405061722284
14797,441,WITHDRAWAL,36100.0,36100.0,1,0,-0.17956636822412175
14798,485,WITHDRAWAL,7421.0,12584.0,3,0,-0.3389472964921487
14851,485,WITHDRAWAL,3572.0,22963.0,3,0,-0.2800423448682763
14862,47,WITHDRAWAL,6940.0,6940.0,1,0,-0.34141255239616886
14887,378,WITHDRAWAL,8537.0,8537.0,1,0,-0.2960353742877169
14920,485,WITHDRAWAL,3572.0,5163.0,2,0,-0.3760405061722284
14924,90,WITHDRAWAL,13000.0,13000.0,1,0,-0.2638440334655445
14945,90,WITHDRAWAL,2375.0,5510.0,3,0,-0.31694880826833327
14967,485,WITHDRAWAL,3572.0,5163.0,2,0,-0.3760405061722284
15019,485,WITHDRAWAL,7421.0,44784.0,4,0,-0.15547962253250036
15034,90,WITHDRAWAL,2774.0,7095.0,3,0,-0.3320634893896877
15055,239,WITHDRAWAL,30.0,8730.0,2,0,-0.35202884336582013
15086,378,WITHDRAWAL,54900.0,54900.0,1,0,-0.10892632319174023
15128,47,WITHDRAWAL,9.0,34849.0,3,0,-0.22348615103173075
15143,47,WITHDRAWAL,12800.0,12800.0,1,0,-0.26427716028636705
15181,239,WITHDRAWAL,1042.0,1194.0,2,0,-0.32363841481781136
15195,485,WITHDRAWAL,7800.0,35600.0,2,0,-0.22752039533315116
15207,290,WITHDRAWAL,16500.0,16514.6,2,0,-0.31575046012948593
15239,485,WITHDRAWAL,100.0,100.0,1,0,-0.38093267365646144
15255,68,WITHDRAWAL,24300.0,24498.0,3,0,-0.27710587794698216
15273,441,WITHDRAWAL,10900.0,10930.0,2,0,-0.33352144273884426
15282,67,WITHDRAWAL,4700.0,4700.0,1,0,-0.32363482090176554
15283,290,WITHDRAWAL,2653.0,18253.0,3,0,-0.2953906039639447
15315,67,WITHDRAWAL,6915.0,27615.0,2,0,-0.2867299275699641
15345,441,WITHDRAWAL,14700.0,23000.0,2,0,-0.29571520389355566
15352,441,WITHDRAWAL,3041.0,3041.0,1,0,-0.3431607943603493
15361,90,WITHDRAWAL,14.6,14.6,1,0,-0.386501812205743
15466,239,WITHDRAWAL,5995.0,7189.0,3,0,-0.332263704528546
15478,485,WITHDRAWAL,100.0,100.0,1,0,-0.38093267365646144
15480,319,WITHDRAWAL,416.0,13616.0,2,0,-0.32645194463745153
15497,67,WITHDRAWAL,3900.0,3900.0,1,0,-0.33173763349685736
15502,290,WITHDRAWAL,14.6,8314.6,2,0,-0.3515734215007438
15505,239,WITHDRAWAL,30.0,30.0,1,0,-0.38295594687480544
15563,441,WITHDRAWAL,30.0,46230.0,2,0,-0.20677149288716468
15571,290,WITHDRAWAL,2653.0,2653.0,1,0,-0.3423532135820687
15575,485,WITHDRAWAL,5400.0,5400.0,1,0,-0.3195153239420515
15582,441,WITHDRAWAL,2100.0,7530.0,3,0,-0.32684735556999545
15591,441,WITHDRAWAL,3041.0,3041.0,1,0,-0.3431607943603493
15647,90,WITHDRAWAL,11200.0,15572.0,2,0,-0.3132464602775578
15778,68,WITHDRAWAL,61.0,26498.0,3,0,-0.2774278991435306
15779,47,WITHDRAWAL,5400.0,18174.0,3,0,-0.2950622662725745
15796,485,WITHDRAWAL,1591.0,1591.0,1,0,-0.33795709399809487
15807,441,WITHDRAWAL,18400.0,81165.0,4,0,-0.0449867814334054
15815,239,WITHDRAWAL,1042.0,1194.0,2,0,-0.32363841481781136
15828,67,WITHDRAWAL,445.0,13753.0,3,0,-0.32466665355277546
15868,90,WITHDRAWAL,20200.0,21640.0,2,0,-0.3002453389302907
15892,319,WITHDRAWAL,10500.0,43000.0,2,0,-0.21660819550862342
15960,441,WITHDRAWAL,765.0,765.0,1,0,-0.3095217688977081
15967,378,WITHDRAWAL,3840.2,3840.2,1,0,-0.33314223922242664
16052,239,WITHDRAWAL,15200.0,15200.0,1,0,-0.25318646052529525
16059,290,WITHDRAWAL,2653.0,2653.0,1,0,-0.3423532135820687
16069,485,WITHDRAWAL,34500.0,34500.0,1,0,-0.18797331519262106
16072,47,WITHDRAWAL,174.0,2074.0,2,0,-0.3357844032573918
16075,485,WITHDRAWAL,700.0,700.0,1,0,-0.3098121273429862
16079,90,WITHDRAWAL,10200.0,14572.0,2,0,-0.3144549655529229
16096,485,WITHDRAWAL,100.0,100.0,1,0,-0.38093267365646144
16099,290,WITHDRAWAL,14.6,14.6,1,0,-0.386501812205743
16100,68,WITHDRAWAL,28200.0,29905.0,2,0,-0.2669238424829573
16235,378,WITHDRAWAL,8537.0,22877.2,3,0,-0.2800423448682763
16249,485,WITHDRAWAL,7421.0,12584.0,3,0,-0.3389472964921487
16319,485,WITHDRAWAL,3572.0,13863.0,3,0,-0.3229940344751344
16381,485,WITHDRAWAL,7421.0,12584.0,3,0,-0.3389472964921487
16382,68,WITHDRAWAL,100.0,100.0,1,0,-0.38093267365646144
16389,290,WITHDRAWAL,3274.0,5927.0,2,0,-0.37740775202652493
16396,441,WITHDRAWAL,30.0,30.0,1,0,-0.38295594687480544
16412,239,WITHDRAWAL,5995.0,7189.0,3,0,-0.332263704528546
16432,67,WITHDRAWAL,14.6,14.6,1,0,-0.386501812205743
16478,319,WITHDRAWAL,2196.0,9818.5,4,0,-0.246831355682828
16521,441,WITHDRAWAL,12700.0,12700.0,1,0,-0.26340349053742174
16545,90,WITHDRAWAL,4372.0,4372.0,1,0,-0.3319398170498401
16550,239,WITHDRAWAL,1042.0,1194.0,2,0,-0.32363841481781136
16552,90,WITHDRAWAL,14.6,14514.6,2,0,-0.3144549655529229
16553,90,WITHDRAWAL,14.6,5054.6,2,0,-0.37676326401796595
16557,290,WITHDRAWAL,2653.0,2653.0,1,0,-0.3423532135820687
16576,485,WITHDRAWAL,7421.0,12584.0,3,0,-0.3389472964921487
16603,441,WITHDRAWAL,3041.0,3041.0,1,0,-0.3431607943603493
16637,68,WITHDRAWAL,1705.0,11905.0,3,0,-0.32990266742387764
16648,67,WITHDRAWAL,6393.0,6393.0,1,0,-0.32629648210364537
16663,319,WITHDRAWAL,1057.0,13073.0,3,0,-0.3307806576031278
16710,68,WITHDRAWAL,61.0,198.0,2,0,-0.28949381573266075
16777,67,WITHDRAWAL,6915.0,6915.0,1,0,-0.3379765486141795
16792,67,WITHDRAWAL,32000.0,32000.0,1,0,-0.19977148548397505
16813,47,WITHDRAWAL,6940.0,6940.0,1,0,-0.34141255239616886
16815,485,WITHDRAWAL,100.0,100.0,1,0,-0.38093267365646144
16893,68,WITHDRAWAL,1186.0,2891.0,2,0,-0.3575248157469357
16924,67,WITHDRAWAL,14.6,5814.6,2,0,-0.3763757257310875
16942,441,WITHDRAWAL,30.0,30.0,1,0,-0.38295594687480544
17028,90,WITHDRAWAL,2400.0,18480.0,4,0,-0.2346574561595831
17040,239,WITHDRAWAL,152.0,152.0,1,0,-0.3748436457797915
17062,67,WITHDRAWAL,5700.0,5700.0,1,0,-0.317165233852328
17071,239,WITHDRAWAL,1042.0,1194.0,2,0,-0.32363841481781136
17086,239,WITHDRAWAL,1042.0,5694.0,3,0,-0.3142230440543323
17129,68,WITHDRAWAL,24100.0,25286.0,2,0,-0.3016159801436765
17134,441,WITHDRAWAL,30.0,2830.0,2,0,-0.35469924859341834
17188,90,WITHDRAWAL,2375.0,5510.0,3,0,-0.31694880826833327
17215,485,WITHDRAWAL,4200.0,4200.0,1,0,-0.3318355765364844
17272,68,WITHDRAWAL,12900.0,13000.0,2,0,-0.33495998600367544
17301,68,WITHDRAWAL,100.0,100.0,1,0,-0.38093267365646144
17348,441,WITHDRAWAL,23300.0,23300.0,1,0,-0.23896075966436015
17361,239,WITHDRAWAL,152.0,152.0,1,0,-0.3748436457797915
17366,90,WITHDRAWAL,361.0,4733.0,2,0,-0.37178865815419676
17401,47,WITHDRAWAL,21600.0,21600.0,1,0,-0.25680879549758484
17404,68,WITHDRAWAL,1186.0,2891.0,2,0,-0.3575248157469357
17426,68,WITHDRAWAL,137.0,27037.0,2,0,-0.2931466502188363
17473,90,WITHDRAWAL,4372.0,4372.0,1,0,-0.3319398170498401
17552,378,WITHDRAWAL,7800.0,7804.0,2,0,-0.3603262542196494
17560,441,WITHDRAWAL,3041.0,3041.0,1,0,-0.3431607943603493
17637,441,WITHDRAWAL,765.0,29465.0,2,0,-0.2688160699070331
17716,68,WITHDRAWAL,100.0,100.0,1,0,-0.38093267365646144
17734,68,WITHDRAWAL,61000.0,62705.0,2,0,-0.15180910516196167
17757,319,WITHDRAWAL,30.0,30.0,1,0,-0.38295594687480544
17782,239,WITHDRAWAL,30.0,30.0,1,0,-0.38295594687480544
17787,67,WITHDRAWAL,28200.0,35038.0,3,0,-0.2242393936798217
17794,485,WITHDRAWAL,5400.0,17984.0,4,0,-0.23549789202416194
17795,90,WITHDRAWAL,2375.0,16710.0,4,0,-0.2430103625602993
17810,67,WITHDRAWAL,6915.0,6915.0,1,0,-0.3379765486141795
17840,47,WITHDRAWAL,174.0,174.0,1,0,-0.36366471349245
17849,90,WITHDRAWAL,2774.0,3135.0,2,0,-0.3546580038429851
17851,67,WITHDRAWAL,25300.0,25300.0,1,0,-0.2186498521846082
17856,290,WITHDRAWAL,2653.0,11453.0,3,0,-0.328471734430844
17871,485,WITHDRAWAL,1800.0,60700.0,2,0,-0.15313470767747783
17874,485,WITHDRAWAL,1591.0,1591.0,1,0,-0.33795709399809487
17891,67,WITHDRAWAL,36800.0,36800.0,1,0,-0.17560810291888895
17937,319,WITHDRAWAL,416.0,9416.0,2,0,-0.3442644583276546
17949,485,WITHDRAWAL,3572.0,5163.0,2,0,-0.3760405061722284
17951,485,WITHDRAWAL,100.0,3400.0,2,0,-0.35008736437586446
17959,290,WITHDRAWAL,14.6,14.6,1,0,-0.386501812205743
17983,239,WITHDRAWAL,1042.0,1194.0,2,0,-0.32363841481781136
17989,90,WITHDRAWAL,14.6,11314.6,2,0,-0.3353598242777322
17990,90,WITHDRAWAL,13000.0,17372.0,2,0,-0.3019859315998789
17991,47,WITHDRAWAL,5600.0,5600.0,1,0,-0.3187854976191247
18010,485,WITHDRAWAL,100.0,100.0,1,0,-0.38093267365646144
18035,290,WITHDRAWAL,2653.0,14653.0,2,0,-0.31355489074153
18133,47,WITHDRAWAL,6940.0,40640.0,2,0,-0.21251814535135405
18167,485,WITHDRAWAL,100.0,100.0,1,0,-0.38093267365646144
18196,485,WITHDRAWAL,1591.0,31591.0,2,0,-0.25274952150015284
18199,90,WITHDRAWAL,18800.0,23172.0,2,0,-0.29589046322324497
18305,441,WITHDRAWAL,8100.0,8130.0,2,0,-0.3539233368936897
18394,47,WITHDRAWAL,14.6,14.6,1,0,-0.386501812205743
18414,47,WITHDRAWAL,14.6,14.6,1,0,-0.386501812205743
18447,441,WITHDRAWAL,765.0,765.0,1,0,-0.3095217688977081
18461,441,WITHDRAWAL,3041.0,28141.0,2,0,-0.28409264871763773
18466,90,WITHDRAWAL,14.6,14.6,1,0,-0.386501812205743
18494,67,WITHDRAWAL,5900.0,5914.6,2,0,-0.37740775202652493
18495,319,WITHDRAWAL,30.0,30.0,1,0,-0.38295594687480544
18526,239,WITHDRAWAL,152.0,152.0,1,0,-0.3748436457797915
18560,239,WITHDRAWAL,30.0,30.0,1,0,-0.38295594687480544
18579,68,WITHDRAWAL,3600.0,13098.0,5,0,-0.12298106061556835
18611,239,WITHDRAWAL,1042.0,30594.0,3,0,-0.25177972617675515
18624,378,WITHDRAWAL,3840.2,3840.2,1,0,-0.33314223922242664
18649,319,WITHDRAWAL,6149.5,6565.5,2,0,-0.37239876493574336
18669,47,WITHDRAWAL,174.0,174.0,1,0,-0.36366471349245
18677,90,WITHDRAWAL,14.6,14.6,1,0,-0.386501812205743
18678,239,WITHDRAWAL,62300.0,68295.0,2,0,-0.11918924415998311
18706,90,WITHDRAWAL,2774.0,3135.0,2,0,-0.3546580038429851
18723,485,WITHDRAWAL,16900.0,17000.0,2,0,-0.3102554320274144
18735,67,WITHDRAWAL,6393.0,13308.0,2,0,-0.3289180861402688
18747,47,WITHDRAWAL,16200.0,27049.0,4,0,-0.21363348114041725
18750,239,WITHDRAWAL,152.0,152.0,1,0,-0.3748436457797915
18762,47,WITHDRAWAL,174.0,26574.0,2,0,-0.2946554075179244
18845,485,WITHDRAWAL,25400.0,25400.0,1,0,-0.21534507229106137
18846,319,WITHDRAWAL,24600.0,34916.0,3,0,-0.22386289976418827
18886,485,WITHDRAWAL,32200.0,32300.0,2,0,-0.2480465096642276
18904,47,WITHDRAWAL,174.0,174.0,1,0,-0.36366471349245
18912,90,WITHDRAWAL,2880.0,6215.0,3,0,-0.3144328305254512
18953,90,WITHDRAWAL,840.0,854.6,2,0,-0.30062920539998916
18988,378,WITHDRAWAL,26300.0,89200.0,3,0,-0.07011944818686144
18994,47,WITHDRAWAL,174.0,174.0,1,0,-0.36366471349245
19034,441,WITHDRAWAL,3041.0,3041.0,1,0,-0.3431607943603493
19045,90,WITHDRAWAL,2375.0,5510.0,3,0,-0.31694880826833327
19046,441,WITHDRAWAL,4400.0,4430.0,2,0,-0.36603533901414226
19094,290,WITHDRAWAL,2653.0,2653.0,1,0,-0.3423532135820687
19103,441,WITHDRAWAL,20300.0,20330.0,2,0,-0.305696778158858
19137,239,WITHDRAWAL,30.0,30.0,1,0,-0.38295594687480544
19161,319,WITHDRAWAL,2700.0,4173.0,3,0,-0.28473802969989076
19168,319,WITHDRAWAL,1057.0,1473.0,2,0,-0.329651596153048
19206,90,WITHDRAWAL,13600.0,13600.0,1,0,-0.26164297886982457
19219,90,WITHDRAWAL,4372.0,4372.0,1,0,-0.3319398170498401
19231,378,WITHDRAWAL,14.6,3814.6,2,0,-0.355539020360378
19276,47,WITHDRAWAL,9.0,10849.0,3,0,-0.3263083763359452
19307,319,WITHDRAWAL,2196.0,3669.0,3,0,-0.26571821415452934
19312,290,WITHDRAWAL,2577.0,8504.0,3,0,-0.3304009786746747
19321,47,WITHDRAWAL,9.0,6949.0,2,0,-0.37076234353334037
19350,290,WITHDRAWAL,14.6,14.6,1,0,-0.386501812205743
19362,485,WITHDRAWAL,3000.0,19393.0,4,0,-0.23576428601920507
19363,319,WITHDRAWAL,2196.0,3669.0,3,0,-0.26571821415452934
19386,90,WITHDRAWAL,10100.0,10100.0,1,0,-0.27961370171644606
19390,485,WITHDRAWAL,8900.0,8900.0,1,0,-0.284614308483368
19417,68,WITHDRAWAL,61.0,198.0,2,0,-0.28949381573266075
19429,67,WITHDRAWAL,12900.0,12900.0,1,0,-0.26286689708615185
19474,239,WITHDRAWAL,152.0,152.0,1,0,-0.3748436457797915
19502,47,WITHDRAWAL,25200.0,25200.0,1,0,-0.2190388618691339
19536,290,WITHDRAWAL,3274.0,5927.0,2,0,-0.37740775202652493
19607,378,WITHDRAWAL,8537.0,8537.0,1,0,-0.2960353742877169
19646,67,WITHDRAWAL,445.0,6838.0,2,0,-0.37121281985034205
19648,290,WITHDRAWAL,14100.0,14100.0,1,0,-0.2573082527776064
19738,67,WITHDRAWAL,445.0,35353.0,5,0,-0.09354657524314414
19740,239,WITHDRAWAL,30.0,24030.0,3,0,-0.27925244706157315
19745,485,WITHDRAWAL,100.0,100.0,1,0,-0.38093267365646144
19766,441,WITHDRAWAL,765.0,765.0,1,0,-0.3095217688977081
19768,378,WITHDRAWAL,1184.0,13563.2,4,0,-0.25307975106204383
19773,239,WITHDRAWAL,5995.0,7189.0,3,0,-0.332263704528546
19791,68,WITHDRAWAL,8100.0,8100.0,1,0,-0.3057792085777985
19805,378,WITHDRAWAL,4200.0,4200.0,1,0,-0.3318355765364844
19834,290,WITHDRAWAL,2500.0,2500.0,1,0,-0.32616428455297053
19849,47,WITHDRAWAL,6940.0,6940.0,1,0,-0.34141255239616886
19902,68,WITHDRAWAL,61.0,18798.0,3,0,-0.2955092257742157
19904,68,WITHDRAWAL,137.0,13037.0,2,0,-0.33495998600367544
19936,67,WITHDRAWAL,6900.0,6900.0,1,0,-0.3358333973478448
19961,239,WITHDRAWAL,30.0,19530.0,2,0,-0.30206416716151774
20046,67,WITHDRAWAL,8600.0,14993.0,2,0,-0.3128131575264456
20058,441,WITHDRAWAL,3041.0,10541.0,3,0,-0.3275716258602386
20125,485,WITHDRAWAL,6300.0,14700.0,2,0,-0.3133947366393368
20127,67,WITHDRAWAL,6700.0,6700.0,1,0,-0.33386880015643083
20157,378,WITHDRAWAL,3000.0,3000.0,1,0,-0.3410398655561302
20183,239,WITHDRAWAL,152.0,152.0,1,0,-0.3748436457797915
20193,239,WITHDRAWAL,30.0,30.0,1,0,-0.38295594687480544
20213,378,WITHDRAWAL,2.0,35579.2,4,0,-0.18084038147207282
20269,47,WITHDRAWAL,174.0,2874.0,2,0,-0.3575161319609149
20278,68,WITHDRAWAL,1186.0,40091.0,3,0,-0.20527059933122738
20281,47,WITHDRAWAL,174.0,174.0,1,0,-0.36366471349245
20293,90,WITHDRAWAL,19100.0,19100.0,1,0,-0.254946980494307
20303,67,WITHDRAWAL,6393.0,13308.0,2,0,-0.3289180861402688
20381,485,WITHDRAWAL,6900.0,6900.0,1,0,-0.3358333973478448
20401,485,WITHDRAWAL,3572.0,5163.0,2,0,-0.3760405061722284
20423,47,WITHDRAWAL,37700.0,44649.0,3,0,-0.19851236688331564
20448,378,WITHDRAWAL,4.0,4.0,1,0,-0.3580044149305478
20456,47,WITHDRAWAL,174.0,174.0,1,0,-0.36366471349245
20512,441,WITHDRAWAL,8100.0,11141.0,2,0,-0.33579337817098476
20553,90,WITHDRAWAL,2774.0,3135.0,2,0,-0.3546580038429851
20554,68,WITHDRAWAL,1705.0,1705.0,1,0,-0.3325821103629617
20564,239,WITHDRAWAL,152.0,152.0,1,0,-0.3748436457797915
20568,319,WITHDRAWAL,30.0,30.0,1,0,-0.38295594687480544
20625,67,WITHDRAWAL,445.0,28838.0,3,0,-0.262732091956677
20711,319,WITHDRAWAL,30.0,21030.0,3,0,-0.2886592893982598
20744,239,WITHDRAWAL,15000.0,15152.0,2,0,-0.31258517131096686
20762,441,WITHDRAWAL,56700.0,74641.0,3,0,-0.10726911428077679
20791,290,WITHDRAWAL,3274.0,14727.0,4,0,-0.24764788851906872
20827,47,WITHDRAWAL,6940.0,6940.0,1,0,-0.34141255239616886
20875,441,WITHDRAWAL,3041.0,3041.0,1,0,-0.3431607943603493
20877,90,WITHDRAWAL,1560.0,4320.0,2,0,-0.36312811960456276
20881,485,WITHDRAWAL,19500.0,32084.0,4,0,-0.18422610298805908
20949,441,WITHDRAWAL,30.0,30.0,1,0,-0.38295594687480544
20980,239,WITHDRAWAL,1042.0,1194.0,2,0,-0.32363841481781136
20981,47,WITHDRAWAL,27000.0,27009.0,2,0,-0.29381348658468653
21055,441,WITHDRAWAL,13200.0,16241.0,2,0,-0.31210341688634724
21082,47,WITHDRAWAL,141.0,6015.0,3,0,-0.31576358131723625
21089,441,WITHDRAWAL,3041.0,20341.0,2,0,-0.305696778158858
21099,67,WITHDRAWAL,6915.0,6915.0,1,0,-0.3379765486141795
21120,67,WITHDRAWAL,445.0,13753.0,3,0,-0.32466665355277546
21135,290,WITHDRAWAL,3274.0,5927.0,2,0,-0.37740775202652493
21136,378,WITHDRAWAL,14.6,14.6,1,0,-0.386501812205743
21151,378,WITHDRAWAL,22100.0,22100.0,1,0,-0.25156581822228796
21154,239,WITHDRAWAL,30.0,30.0,1,0,-0.38295594687480544
21163,485,WITHDRAWAL,100.0,100.0,1,0,-0.38093267365646144
21171,319,WITHDRAWAL,1057.0,1473.0,2,0,-0.329651596153048
21193,67,WITHDRAWAL,21000.0,21000.0,1,0,-0.2581142671876042
21207,90,WITHDRAWAL,4372.0,4372.0,1,0,-0.3319398170498401
21208,290,WITHDRAWAL,2500.0,2500.0,1,0,-0.32616428455297053
21221,319,WITHDRAWAL,39600.0,59700.0,3,0,-0.16784284548372808
21237,68,WITHDRAWAL,1186.0,2891.0,2,0,-0.3575248157469357
21257,485,WITHDRAWAL,7421.0,12584.0,3,0,-0.3389472964921487
21284,68,WITHDRAWAL,1186.0,63891.0,3,0,-0.1610089110802142
21349,239,WITHDRAWAL,30.0,30.0,1,0,-0.38295594687480544
21385,67,WITHDRAWAL,445.0,13738.0,3,0,-0.3253743109955866
21387,68,WITHDRAWAL,1186.0,25091.0,3,0,-0.27751694523342607
21395,239,WITHDRAWAL,1042.0,8694.0,3,0,-0.33043102523631807
21412,68,WITHDRAWAL,100.0,100.0,1,0,-0.38093267365646144
21424,47,WITHDRAWAL,8500.0,8500.0,1,0,-0.2976792878679601
21439,319,WITHDRAWAL,2196.0,9818.5,4,0,-0.246831355682828
21463,485,WITHDRAWAL,3572.0,5163.0,2,0,-0.3760405061722284
21543,441,WITHDRAWAL,30.0,5430.0,3,0,-0.31650486183567605
21563,68,WITHDRAWAL,1186.0,2891.0,2,0,-0.3575248157469357
21605,441,WITHDRAWAL,50300.0,53341.0,2,0,-0.1683205323584156
21672,319,WITHDRAWAL,1057.0,7622.5,3,0,-0.3231601029207476
21703,47,WITHDRAWAL,6940.0,6940.0,1,0,-0.34141255239616886
21710,441,WITHDRAWAL,8200.0,8200.0,1,0,-0.3029366336244619
21757,90,WITHDRAWAL,14.6,974.6,2,0,-0.30823041928507167
21763,290,WITHDRAWAL,42900.0,59114.6,3,0,-0.16701323691369852
21774,290,WITHDRAWAL,14.6,14.6,1,0,-0.386501812205743
21786,378,WITHDRAWAL,16100.0,65979.2,5,0,-0.049946448589612946
21791,67,WITHDRAWAL,6915.0,6915.0,1,0,-0.3379765486141795
21796,47,WITHDRAWAL,27400.0,34349.0,3,0,-0.2254160794085328
21807,90,WITHDRAWAL,2640.0,14694.6,4,0,-0.25000982623691415
21814,47,WITHDRAWAL,14.6,33014.6,3,0,-0.2338169327954842
21829,90,WITHDRAWAL,13400.0,13400.0,1,0,-0.2647243649880645
21832,67,WITHDRAWAL,6393.0,13308.0,2,0,-0.3289180861402688
21878,485,WITHDRAWAL,7421.0,12584.0,3,0,-0.3389472964921487
21911,485,WITHDRAWAL,7421.0,23484.0,4,0,-0.2234303716305115
21934,239,WITHDRAWAL,30.0,30.0,1,0,-0.38295594687480544
21935,290,WITHDRAWAL,3274.0,5927.0,2,0,-0.37740775202652493
21940,47,WITHDRAWAL,174.0,174.0,1,0,-0.36366471349245
21957,90,WITHDRAWAL,361.0,4733.0,2,0,-0.37178865815419676
21970,68,WITHDRAWAL,137.0,29037.0,2,0,-0.2718996834305003
22017,47,WITHDRAWAL,174.0,174.0,1,0,-0.36366471349245
22025,239,WITHDRAWAL,152.0,12052.0,2,0,-0.3368114168055395
22089,290,WITHDRAWAL,9900.0,12477.0,2,0,-0.3306534376882526
22091,485,WITHDRAWAL,3572.0,5163.0,2,0,-0.3760405061722284
22101,485,WITHDRAWAL,7421.0,12584.0,3,0,-0.3389472964921487
22102,290,WITHDRAWAL,2577.0,10604.0,4,0,-0.24555906893780632
22113,441,WITHDRAWAL,765.0,765.0,1,0,-0.3095217688977081
22176,90,WITHDRAWAL,361.0,19293.0,3,0,-0.29584630922414307
22201,290,WITHDRAWAL,14.6,25014.6,2,0,-0.3028154102307825
22212,378,WITHDRAWAL,8537.0,12377.2,2,0,-0.3315771764683819
22248,378,WITHDRAWAL,35400.0,35404.0,2,0,-0.2286680943279853
22252,67,WITHDRAWAL,11400.0,11400.0,1,0,-0.2682418555666294
22257,47,WITHDRAWAL,4800.0,5115.0,3,0,-0.3050592355077447
22267,239,WITHDRAWAL,152.0,152.0,1,0,-0.3748436457797915
22281,319,WITHDRAWAL,2196.0,9818.5,4,0,-0.246831355682828
22296,378,WITHDRAWAL,3840.2,27040.2,2,0,-0.2931466502188363
22316,67,WITHDRAWAL,6393.0,13308.0,2,0,-0.3289180861402688
22328,90,WITHDRAWAL,2375.0,5510.0,3,0,-0.31694880826833327
22346,68,WITHDRAWAL,100.0,100.0,1,0,-0.38093267365646144
22358,67,WITHDRAWAL,8300.0,8314.6,2,0,-0.3515734215007438
22434,68,WITHDRAWAL,1500.0,13405.0,4,0,-0.25176501989016453
22456,67,WITHDRAWAL,6393.0,6393.0,1,0,-0.32629648210364537
22471,68,WITHDRAWAL,1186.0,2891.0,2,0,-0.3575248157469357
22483,378,WITHDRAWAL,1184.0,24063.2,5,0,-0.11496984628248741
22490,319,WITHDRAWAL,25400.0,25400.0,1,0,-0.21534507229106137
22548,441,WITHDRAWAL,3041.0,3041.0,1,0,-0.3431607943603493
22552,485,WITHDRAWAL,7421.0,12584.0,3,0,-0.3389472964921487
22556,68,WITHDRAWAL,100.0,100.0,1,0,-0.38093267365646144
22568,290,WITHDRAWAL,3274.0,5927.0,2,0,-0.37740775202652493
22575,68,WITHDRAWAL,3300.0,3300.0,1,0,-0.3316000043044171
22618,47,WITHDRAWAL,9.0,42549.0,4,0,-0.16188758696850714
22628,68,WITHDRAWAL,1186.0,2891.0,2,0,-0.3575248157469357
22636,67,WITHDRAWAL,16800.0,21600.0,2,0,-0.3002453389302907
22641,441,WITHDRAWAL,2700.0,2700.0,1,0,-0.33969276714510377
22694,67,WITHDRAWAL,4500.0,33338.0,4,0,-0.1817403927463186
22720,485,WITHDRAWAL,100.0,100.0,1,0,-0.38093267365646144
22756,68,WITHDRAWAL,2100.0,10098.0,4,0,-0.24426168686700545
22806,239,WITHDRAWAL,30.0,30.0,1,0,-0.38295594687480544
22839,68,WITHDRAWAL,22200.0,23905.0,2,0,-0.30015134258323345
22868,290,WITHDRAWAL,2653.0,2653.0,1,0,-0.3423532135820687
22883,378,WITHDRAWAL,14.6,14.6,1,0,-0.386501812205743
22900,290,WITHDRAWAL,2577.0,8504.0,3,0,-0.3304009786746747
22911,441,WITHDRAWAL,30.0,30.0,1,0,-0.38295594687480544
22913,319,WITHDRAWAL,6149.5,6565.5,2,0,-0.37239876493574336
22961,47,WITHDRAWAL,6940.0,6940.0,1,0,-0.34141255239616886
22997,90,WITHDRAWAL,2400.0,9229.0,4,0,-0.2350793572832155
23002,290,WITHDRAWAL,2577.0,8504.0,3,0,-0.3304009786746747
23081,485,WITHDRAWAL,100.0,25500.0,2,0,-0.30292936684559074
23091,378,WITHDRAWAL,8537.0,8537.0,1,0,-0.2960353742877169
23092,441,WITHDRAWAL,3041.0,3041.0,1,0,-0.3431607943603493
23109,485,WITHDRAWAL,1591.0,1591.0,1,0,-0.33795709399809487
23135,90,WITHDRAWAL,2375.0,5510.0,3,0,-0.31694880826833327
23144,290,WITHDRAWAL,2653.0,2653.0,1,0,-0.3423532135820687
23148,441,WITHDRAWAL,3041.0,3041.0,1,0,-0.3431607943603493
23204,290,WITHDRAWAL,2653.0,2653.0,1,0,-0.3423532135820687
23224,378,WITHDRAWAL,4.0,4.0,1,0,-0.3580044149305478
23240,68,WITHDRAWAL,137.0,21037.0,2,0,-0.3091370571931983
23242,239,WITHDRAWAL,1042.0,16194.0,3,0,-0.3031946458025512
23243,47,WITHDRAWAL,20700.0,20874.0,2,0,-0.3066390782987643
23272,67,WITHDRAWAL,6393.0,6393.0,1,0,-0.32629648210364537
23312,239,WITHDRAWAL,5995.0,7189.0,3,0,-0.332263704528546
23350,290,WITHDRAWAL,3274.0,5927.0,2,0,-0.37740775202652493
23352,90,WITHDRAWAL,2375.0,5510.0,3,0,-0.31694880826833327
23384,485,WITHDRAWAL,1591.0,1591.0,1,0,-0.33795709399809487
23400,239,WITHDRAWAL,19500.0,19500.0,1,0,-0.2535618595254594
23401,290,WITHDRAWAL,14.6,14.6,1,0,-0.386501812205743
23458,485,WITHDRAWAL,23100.0,58700.0,3,0,-0.16908515535464408
23469,290,WITHDRAWAL,14.6,14.6,1,0,-0.386501812205743
23537,319,WITHDRAWAL,416.0,18116.0,2,0,-0.3014929389361087
23569,441,WITHDRAWAL,765.0,765.0,1,0,-0.3095217688977081
23573,47,WITHDRAWAL,6900.0,13849.0,3,0,-0.32311153109091717
23586,90,WITHDRAWAL,4372.0,4372.0,1,0,-0.3319398170498401
23595,319,WITHDRAWAL,30.0,30.0,1,0,-0.38295594687480544
23607,239,WITHDRAWAL,5995.0,7189.0,3,0,-0.332263704528546
23611,68,WITHDRAWAL,137.0,137.0,1,0,-0.37326783095951477
23651,239,WITHDRAWAL,20100.0,20100.0,1,0,-0.24619129487310754
23684,290,WITHDRAWAL,8400.0,15600.0,2,0,-0.3132464602775578
23689,378,WITHDRAWAL,2.0,14779.2,4,0,-0.24800829527959456
23691,290,WITHDRAWAL,6000.0,14504.0,4,0,-0.24808694108060525
23718,47,WITHDRAWAL,9.0,6949.0,2,0,-0.37076234353334037
23754,47,WITHDRAWAL,6940.0,6940.0,1,0,-0.34141255239616886
23784,47,WITHDRAWAL,14.6,14.6,1,0,-0.386501812205743
23838,290,WITHDRAWAL,700.0,9204.0,4,0,-0.23471020002027143
23866,290,WITHDRAWAL,3274.0,5927.0,2,0,-0.37740775202652493
23907,290,WITHDRAWAL,2577.0,8504.0,3,0,-0.3304009786746747
23959,90,WITHDRAWAL,14.6,14.6,1,0,-0.386501812205743
23961,485,WITHDRAWAL,100.0,100.0,1,0,-0.38093267365646144
24038,47,WITHDRAWAL,9.0,6949.0,2,0,-0.37076234353334037
24057,90,WITHDRAWAL,15000.0,15000.0,1,0,-0.2501155338390385
24099,319,WITHDRAWAL,41800.0,41800.0,1,0,-0.15205505839914935
24114,239,WITHDRAWAL,30.0,30.0,1,0,-0.38295594687480544
24143,441,WITHDRAWAL,49200.0,52241.0,2,0,-0.17520146867684194
24151,319,WITHDRAWAL,6149.5,10465.5,3,0,-0.3275762178508973
24161,239,WITHDRAWAL,152.0,152.0,1,0,-0.3748436457797915
24202,47,WITHDRAWAL,6940.0,6940.0,1,0,-0.34141255239616886
24224,441,WITHDRAWAL,30.0,30.0,1,0,-0.38295594687480544
24228,47,WITHDRAWAL,9.0,11149.0,4,0,-0.24248227707149217
24267,378,WITHDRAWAL,5100.0,41400.0,2,0,-0.21865618314100665
24289,47,WITHDRAWAL,14.6,14.6,1,0,-0.386501812205743
24298,485,WITHDRAWAL,100.0,100.0,1,0,-0.38093267365646144
24351,239,WITHDRAWAL,152.0,152.0,1,0,-0.3748436457797915
24352,67,WITHDRAWAL,6915.0,6915.0,1,0,-0.3379765486141795
24392,68,WITHDRAWAL,38700.0,40405.0,2,0,-0.21174903109474263
24411,68,WITHDRAWAL,23300.0,40898.0,6,0,-0.03496620792616856
24417,239,WITHDRAWAL,5995.0,7189.0,3,0,-0.332263704528546
24428,68,WITHDRAWAL,23000.0,25891.0,3,0,-0.2808437879584268
24459,378,WITHDRAWAL,33800.0,33800.0,1,0,-0.1939684956953206
24519,68,WITHDRAWAL,100.0,9400.0,2,0,-0.3442644583276546
24530,485,WITHDRAWAL,1591.0,19391.0,2,0,-0.30158432300909066
24553,47,WITHDRAWAL,9.0,45349.0,3,0,-0.19490619173725376
24558,378,WITHDRAWAL,59000.0,68723.0,4,0,-0.1034777939548378
24600,319,WITHDRAWAL,1057.0,1473.0,2,0,-0.329651596153048
24617,68,WITHDRAWAL,137.0,137.0,1,0,-0.37326783095951477
24661,290,WITHDRAWAL,2577.0,8504.0,3,0,-0.3304009786746747
24697,441,WITHDRAWAL,15900.0,15900.0,1,0,-0.2478046293857996
24705,378,WITHDRAWAL,14.6,3014.6,2,0,-0.3566736162949208
24775,319,WITHDRAWAL,9200.0,9230.0,2,0,-0.347294492240309
24823,47,WITHDRAWAL,174.0,11574.0,3,0,-0.32885674757535555
24826,378,WITHDRAWAL,8537.0,12377.2,2,0,-0.3315771764683819
24853,68,WITHDRAWAL,31200.0,31200.0,1,0,-0.19814053508377283
24857,239,WITHDRAWAL,5400.0,5552.0,2,0,-0.3752761403242222
24911,47,WITHDRAWAL,174.0,174.0,1,0,-0.36366471349245
24917,441,WITHDRAWAL,8700.0,8700.0,1,0,-0.2869203373544092
24932,67,WITHDRAWAL,6915.0,6915.0,1,0,-0.3379765486141795
24955,67,WITHDRAWAL,4800.0,4800.0,1,0,-0.323475496744425
24982,485,WITHDRAWAL,3572.0,38563.0,4,0,-0.16928209301422315
25010,485,WITHDRAWAL,3572.0,5163.0,2,0,-0.3760405061722284
25011,319,WITHDRAWAL,30.0,4830.0,2,0,-0.3735199575990664
25060,485,WITHDRAWAL,56600.0,56600.0,1,0,-0.1048243746252262
25064,47,WITHDRAWAL,9.0,9049.0,3,0,-0.328261992892944
25066,68,WITHDRAWAL,100.0,20400.0,2,0,-0.305696778158858
25070,67,WITHDRAWAL,445.0,6838.0,2,0,-0.37121281985034205
25076,378,WITHDRAWAL,2.0,12379.2,3,0,-0.33658925192248007
25081,68,WITHDRAWAL,28600.0,30305.0,2,0,-0.26677048509475
25156,47,WITHDRAWAL,141.0,315.0,2,0,-0.2984976101261297
25166,68,WITHDRAWAL,61.0,6198.0,3,0,-0.31408722125828753
25174,47,WITHDRAWAL,29900.0,29900.0,1,0,-0.2016305021964756
25187,47,WITHDRAWAL,9.0,6949.0,2,0,-0.37076234353334037
25198,90,WITHDRAWAL,4372.0,4372.0,1,0,-0.3319398170498401
25276,47,WITHDRAWAL,9.0,6949.0,2,0,-0.37076234353334037
25309,319,WITHDRAWAL,30.0,5830.0,2,0,-0.3763757257310875
25313,485,WITHDRAWAL,3572.0,5163.0,2,0,-0.3760405061722284
25339,290,WITHDRAWAL,3900.0,11700.0,2,0,-0.3371304351847361
25362,239,WITHDRAWAL,152.0,30452.0,2,0,-0.26554048644505357
25366,47,WITHDRAWAL,12900.0,12900.0,1,0,-0.26286689708615185
25374,441,WITHDRAWAL,39400.0,39400.0,1,0,-0.16092096364372388
25398,378,WITHDRAWAL,1184.0,13323.0,4,0,-0.25053415097814846
25403,485,WITHDRAWAL,100.0,4600.0,2,0,-0.3706071721801369
25411,68,WITHDRAWAL,137.0,137.0,1,0,-0.37326783095951477
25419,378,WITHDRAWAL,45200.0,45200.0,1,0,-0.13924393541967595
25477,67,WITHDRAWAL,7300.0,7300.0,1,0,-0.3234108335431691
25511,67,WITHDRAWAL,17200.0,17214.6,2,0,-0.3042635766675128
25515,47,WITHDRAWAL,9.0,6949.0,2,0,-0.37076234353334037
25531,485,WITHDRAWAL,3572.0,5163.0,2,0,-0.3760405061722284
25545,90,WITHDRAWAL,2375.0,5510.0,3,0,-0.31694880826833327
25556,290,WITHDRAWAL,3274.0,5927.0,2,0,-0.37740775202652493
25565,319,WITHDRAWAL,416.0,416.0,1,0,-0.3332725879851314
25585,67,WITHDRAWAL,8800.0,8800.0,1,0,-0.2853089541032374
25602,378,WITHDRAWAL,3600.0,12139.0,3,0,-0.33352939110717006
25603,485,WITHDRAWAL,1591.0,9391.0,2,0,-0.3442644583276546
25663,378,WITHDRAWAL,4.0,4.0,1,0,-0.3580044149305478
25668,90,WITHDRAWAL,4372.0,4372.0,1,0,-0.3319398170498401
25691,441,WITHDRAWAL,28000.0,28765.0,2,0,-0.27358008754850394
25711,68,WITHDRAWAL,1186.0,31391.0,3,0,-0.24552231627403664
25738,485,WITHDRAWAL,1591.0,1591.0,1,0,-0.33795709399809487
25745,90,WITHDRAWAL,4372.0,4372.0,1,0,-0.3319398170498401
25768,67,WITHDRAWAL,6393.0,13308.0,2,0,-0.3289180861402688
25801,485,WITHDRAWAL,3572.0,5163.0,2,0,-0.3760405061722284
25814,67,WITHDRAWAL,445.0,37938.0,3,0,-0.21688057514990267
25900,485,WITHDRAWAL,100.0,100.0,1,0,-0.38093267365646144
25953,378,WITHDRAWAL,62100.0,62100.0,1,0,-0.09070663561206749
26001,441,WITHDRAWAL,3041.0,3041.0,1,0,-0.3431607943603493
26043,485,WITHDRAWAL,4800.0,21584.0,5,0,-0.1215276644130181
26071,90,WITHDRAWAL,960.0,960.0,1,0,-0.3093249675114633
26082,239,WITHDRAWAL,1042.0,8394.0,3,0,-0.3278318778592643
26096,68,WITHDRAWAL,26900.0,27000.0,2,0,-0.2936391897728007
26152,378,WITHDRAWAL,1900.0,15463.2,5,0,-0.1168052801568833
26159,47,WITHDRAWAL,9.0,6949.0,2,0,-0.37076234353334037
26163,68,WITHDRAWAL,1705.0,1705.0,1,0,-0.3325821103629617
26171,485,WITHDRAWAL,8100.0,8100.0,1,0,-0.3057792085777985
26200,378,WITHDRAWAL,1184.0,9723.0,3,0,-0.32378527934937484
26205,319,WITHDRAWAL,416.0,26816.0,4,0,-0.21602357377123793
26212,485,WITHDRAWAL,1591.0,1591.0,1,0,-0.33795709399809487
26213,239,WITHDRAWAL,30.0,30.0,1,0,-0.38295594687480544
26220,47,WITHDRAWAL,14.6,14.6,1,0,-0.386501812205743
26269,90,WITHDRAWAL,2375.0,22410.0,5,0,-0.11368210017546776
26282,47,WITHDRAWAL,6940.0,19840.0,4,0,-0.2373387777958862
26307,47,WITHDRAWAL,9.0,6949.0,2,0,-0.37076234353334037
26308,90,WITHDRAWAL,361.0,4733.0,2,0,-0.37178865815419676
26315,290,WITHDRAWAL,14.6,16214.6,2,0,-0.31210341688634724
26327,441,WITHDRAWAL,16200.0,16200.0,1,0,-0.24852793810195528
26335,441,WITHDRAWAL,61800.0,64841.0,2,0,-0.14247046411340958
26345,47,WITHDRAWAL,141.0,315.0,2,0,-0.2984976101261297
26449,485,WITHDRAWAL,8400.0,8400.0,1,0,-0.29596458231201395
26475,67,WITHDRAWAL,6915.0,32915.0,2,0,-0.24025874604117559
26487,290,WITHDRAWAL,14.6,14.6,1,0,-0.386501812205743
26492,68,WITHDRAWAL,61.0,198.0,2,0,-0.28949381573266075
26501,441,WITHDRAWAL,30.0,30.0,1,0,-0.38295594687480544
26506,239,WITHDRAWAL,1042.0,1194.0,2,0,-0.32363841481781136
26513,47,WITHDRAWAL,14.6,15814.6,2,0,-0.3088411925302781
26520,47,WITHDRAWAL,174.0,174.0,1,0,-0.36366471349245
26543,67,WITHDRAWAL,6393.0,6393.0,1,0,-0.32629648210364537
26547,47,WITHDRAWAL,21900.0,28849.0,3,0,-0.262732091956677
26563,68,WITHDRAWAL,3000.0,3100.0,2,0,-0.35601195765907573
26582,47,WITHDRAWAL,14.6,14.6,1,0,-0.386501812205743
26634,378,WITHDRAWAL,4.0,4.0,1,0,-0.3580044149305478
26643,68,WITHDRAWAL,6300.0,6300.0,1,0,-0.32387533509724853
26668,485,WITHDRAWAL,7421.0,36684.0,4,0,-0.17852190787262356
26702,485,WITHDRAWAL,3572.0,5163.0,2,0,-0.3760405061722284
26723,67,WITHDRAWAL,14.6,14.6,1,0,-0.386501812205743
26753,441,WITHDRAWAL,30.0,30.0,1,0,-0.38295594687480544
26754,47,WITHDRAWAL,174.0,174.0,1,0,-0.36366471349245
26787,68,WITHDRAWAL,100.0,100.0,1,0,-0.38093267365646144
26817,441,WITHDRAWAL,3041.0,3041.0,1,0,-0.3431607943603493
26853,485,WITHDRAWAL,7421.0,12584.0,3,0,-0.3389472964921487
26867,90,WITHDRAWAL,2774.0,3135.0,2,0,-0.3546580038429851
26914,68,WITHDRAWAL,100.0,100.0,1,0,-0.38093267365646144
27046,485,WITHDRAWAL,100.0,100.0,1,0,-0.38093267365646144
27051,485,WITHDRAWAL,3572.0,101063.0,4,0,-0.017616930970869804
27084,68,WITHDRAWAL,61.0,5898.0,3,0,-0.3150990442167136
27111,47,WITHDRAWAL,141.0,315.0,2,0,-0.2984976101261297
27112,485,WITHDRAWAL,100.0,7000.0,2,0,-0.3697353930534324
27114,378,WITHDRAWAL,14.6,14.6,1,0,-0.386501812205743
27163,441,WITHDRAWAL,3041.0,3041.0,1,0,-0.3431607943603493
27200,90,WITHDRAWAL,2774.0,3135.0,2,0,-0.3546580038429851
27202,68,WITHDRAWAL,1800.0,3505.0,2,0,-0.3518663114078809
27203,378,WITHDRAWAL,28700.0,28700.0,1,0,-0.20288578622047637
27244,239,WITHDRAWAL,5995.0,7189.0,3,0,-0.332263704528546
27264,290,WITHDRAWAL,32100.0,32100.0,1,0,-0.2001642738079128
27280,441,WITHDRAWAL,14700.0,15465.0,2,0,-0.3140599941379399
27298,239,WITHDRAWAL,1042.0,1194.0,2,0,-0.32363841481781136
27363,441,WITHDRAWAL,765.0,54765.0,2,0,-0.16862429763211384
27370,378,WITHDRAWAL,13900.0,26279.2,4,0,-0.21512314108645392
27404,90,WITHDRAWAL,2375.0,6470.0,4,0,-0.20234438561580892
27413,47,WITHDRAWAL,6940.0,6940.0,1,0,-0.34141255239616886
27423,290,WITHDRAWAL,3274.0,5927.0,2,0,-0.37740775202652493
27455,47,WITHDRAWAL,2100.0,2241.0,2,0,-0.3374558984171651
27475,67,WITHDRAWAL,8700.0,9145.0,2,0,-0.34789657612944547
27499,485,WITHDRAWAL,1591.0,1591.0,1,0,-0.33795709399809487
27504,290,WITHDRAWAL,2700.0,12700.0,2,0,-0.334280841251557
27525,68,WITHDRAWAL,9300.0,9300.0,1,0,-0.27951258632529785
27546,90,WITHDRAWAL,14.6,14.6,1,0,-0.386501812205743
27555,239,WITHDRAWAL,1042.0,1194.0,2,0,-0.32363841481781136
27576,239,WITHDRAWAL,5995.0,7189.0,3,0,-0.332263704528546
27577,441,WITHDRAWAL,6300.0,6300.0,1,0,-0.32387533509724853
27589,239,WITHDRAWAL,5995.0,7189.0,3,0,-0.332263704528546
27650,68,WITHDRAWAL,5700.0,10991.0,4,0,-0.24292161700605852
27762,485,WITHDRAWAL,100.0,100.0,1,0,-0.38093267365646144
27765,47,WITHDRAWAL,14.6,14.6,1,0,-0.386501812205743
27848,290,WITHDRAWAL,3274.0,5927.0,2,0,-0.37740775202652493
27857,290,WITHDRAWAL,27500.0,27500.0,1,0,-0.21015636105025504
27871,47,WITHDRAWAL,14.6,14.6,1,0,-0.386501812205743
27872,319,WITHDRAWAL,416.0,416.0,1,0,-0.3332725879851314
27895,90,WITHDRAWAL,14500.0,18872.0,2,0,-0.3044384553154991
27904,485,WITHDRAWAL,7421.0,33684.0,4,0,-0.18335868515804465
27912,68,WITHDRAWAL,7800.0,7900.0,2,0,-0.3567842447848899
27918,441,WITHDRAWAL,765.0,765.0,1,0,-0.3095217688977081
27998,290,WITHDRAWAL,28700.0,70314.6,3,0,-0.12786177071917249
28031,47,WITHDRAWAL,6940.0,6940.0,1,0,-0.34141255239616886
28035,68,WITHDRAWAL,100.0,100.0,1,0,-0.38093267365646144
28099,378,WITHDRAWAL,40200.0,59304.0,3,0,-0.16825722898222517
28103,47,WITHDRAWAL,9.0,41349.0,3,0,-0.1980334379681098
28169,68,WITHDRAWAL,27000.0,27198.0,3,0,-0.2776244083161562
28179,290,WITHDRAWAL,2653.0,5953.0,2,0,-0.37649933533379826
28197,290,WITHDRAWAL,3200.0,5214.6,3,0,-0.30977724955228403
28228,441,WITHDRAWAL,765.0,35165.0,2,0,-0.22872331582584915
28229,68,WITHDRAWAL,137.0,137.0,1,0,-0.37326783095951477
28235,239,WITHDRAWAL,152.0,152.0,1,0,-0.3748436457797915
28238,441,WITHDRAWAL,765.0,4365.0,2,0,-0.3658371288896302
28276,47,WITHDRAWAL,24900.0,24900.0,1,0,-0.2259489414217597
28309,441,WITHDRAWAL,3041.0,3041.0,1,0,-0.3431607943603493
28313,319,WITHDRAWAL,2196.0,8569.0,4,0,-0.22781479285851125
28353,239,WITHDRAWAL,1042.0,1194.0,2,0,-0.32363841481781136
28380,290,WITHDRAWAL,14.6,14.6,1,0,-0.386501812205743
28392,239,WITHDRAWAL,152.0,152.0,1,0,-0.3748436457797915
28397,67,WITHDRAWAL,5400.0,5400.0,1,0,-0.3195153239420515
28482,319,WITHDRAWAL,9000.0,9000.0,1,0,-0.2849497127291623
28502,90,WITHDRAWAL,361.0,4733.0,2,0,-0.37178865815419676
28528,68,WITHDRAWAL,1705.0,22305.0,2,0,-0.30069083009318764
28546,441,WITHDRAWAL,30.0,30.0,1,0,-0.38295594687480544
28596,47,WITHDRAWAL,141.0,315.0,2,0,-0.2984976101261297
28597,239,WITHDRAWAL,5995.0,7189.0,3,0,-0.332263704528546
28614,68,WITHDRAWAL,1705.0,1705.0,1,0,-0.3325821103629617
28631,47,WITHDRAWAL,174.0,174.0,1,0,-0.36366471349245
28636,47,WITHDRAWAL,14.6,14.6,1,0,-0.386501812205743
28657,290,WITHDRAWAL,3274.0,5927.0,2,0,-0.37740775202652493
28703,47,WITHDRAWAL,174.0,174.0,1,0,-0.36366471349245
28725,319,WITHDRAWAL,57700.0,129022.5,5,1,0.01884285014611109
28731,68,WITHDRAWAL,100.0,100.0,1,0,-0.38093267365646144
28733,47,WITHDRAWAL,15800.0,15800.0,1,0,-0.24708329615429436
28817,378,WITHDRAWAL,38700.0,38704.0,2,0,-0.21756151755242614
28852,290,WITHDRAWAL,21300.0,114000.0,3,0,-0.031025031828788796
28890,378,WITHDRAWAL,7500.0,59763.2,6,0,-0.017100591821230027
28913,485,WITHDRAWAL,24000.0,24000.0,1,0,-0.2336407978456575
29049,239,WITHDRAWAL,152.0,152.0,1,0,-0.3748436457797915
29085,68,WITHDRAWAL,16000.0,16198.0,3,0,-0.3031946458025512
29141,485,WITHDRAWAL,3572.0,81563.0,4,0,-0.0449867814334054
29160,290,WITHDRAWAL,2577.0,8504.0,3,0,-0.3304009786746747
29166,68,WITHDRAWAL,100.0,100.0,1,0,-0.38093267365646144
29240,485,WITHDRAWAL,1591.0,1591.0,1,0,-0.33795709399809487
29241,68,WITHDRAWAL,1705.0,1705.0,1,0,-0.3325821103629617
29253,68,WITHDRAWAL,1186.0,5291.0,3,0,-0.31137917312432256
29307,67,WITHDRAWAL,14.6,14.6,1,0,-0.386501812205743
29335,67,WITHDRAWAL,8700.0,8714.6,2,0,-0.3532283314197505
29365,485,WITHDRAWAL,7421.0,12584.0,3,0,-0.3389472964921487
29378,68,WITHDRAWAL,137.0,137.0,1,0,-0.37326783095951477
29399,485,WITHDRAWAL,1591.0,1591.0,1,0,-0.33795709399809487
29439,290,WITHDRAWAL,2577.0,8504.0,3,0,-0.3304009786746747
29448,68,WITHDRAWAL,1186.0,23491.0,3,0,-0.27996201874249416
29449,90,WITHDRAWAL,361.0,20133.0,3,0,-0.2915632981775086
29503,319,WITHDRAWAL,4800.0,4800.0,1,0,-0.323475496744425
29509,378,WITHDRAWAL,3800.0,3814.6,2,0,-0.355539020360378
29518,485,WITHDRAWAL,1591.0,1591.0,1,0,-0.33795709399809487
29574,239,WITHDRAWAL,1042.0,1194.0,2,0,-0.32363841481781136
29608,239,WITHDRAWAL,5995.0,35989.0,4,0,-0.1816512921821022
29720,290,WITHDRAWAL,2653.0,2653.0,1,0,-0.3423532135820687
29754,90,WITHDRAWAL,5520.0,5520.0,1,0,-0.31924857353625
29801,68,WITHDRAWAL,2700.0,2700.0,1,0,-0.33969276714510377
29824,239,WITHDRAWAL,30.0,30.0,1,0,-0.38295594687480544
29857,90,WITHDRAWAL,16200.0,16200.0,1,0,-0.24852793810195528
29859,290,WITHDRAWAL,3274.0,5927.0,2,0,-0.37740775202652493
29882,90,WITHDRAWAL,14.6,14.6,1,0,-0.386501812205743
29908,68,WITHDRAWAL,1705.0,12505.0,2,0,-0.3306534376882526
29937,441,WITHDRAWAL,8700.0,11741.0,2,0,-0.3368738775554356
29950,239,WITHDRAWAL,152.0,152.0,1,0,-0.3748436457797915
29960,441,WITHDRAWAL,765.0,765.0,1,0,-0.3095217688977081
29985,68,WITHDRAWAL,18600.0,18600.0,1,0,-0.25182928813743255
29995,378,WITHDRAWAL,1800.0,1804.0,2,0,-0.3313679830566051
30011,47,WITHDRAWAL,9.0,6949.0,2,0,-0.37076234353334037
30034,441,WITHDRAWAL,765.0,21065.0,2,0,-0.3085315944957843
30044,441,WITHDRAWAL,26100.0,60100.0,2,0,-0.15820778582443584
30054,290,WITHDRAWAL,2653.0,2653.0,1,0,-0.3423532135820687
30076,441,WITHDRAWAL,765.0,765.0,1,0,-0.3095217688977081
30092,319,WITHDRAWAL,1057.0,7622.5,3,0,-0.3231601029207476
30102,290,WITHDRAWAL,14.6,14.6,1,0,-0.386501812205743
30144,47,WITHDRAWAL,174.0,174.0,1,0,-0.36366471349245
30151,90,WITHDRAWAL,2280.0,2280.0,1,0,-0.32475037358314146
30156,485,WITHDRAWAL,1591.0,22691.0,2,0,-0.2985744807443732
30182,239,WITHDRAWAL,30.0,30.0,1,0,-0.38295594687480544
30268,47,WITHDRAWAL,9.0,6949.0,2,0,-0.37076234353334037
30284,319,WITHDRAWAL,2100.0,2516.0,2,0,-0.3430379110331611
30332,441,WITHDRAWAL,765.0,765.0,1,0,-0.3095217688977081
30354,90,WITHDRAWAL,2760.0,5040.0,2,0,-0.37511338848139497
30357,441,WITHDRAWAL,765.0,64565.0,2,0,-0.14333326083214892
30375,239,WITHDRAWAL,1042.0,1194.0,2,0,-0.32363841481781136
30389,47,WITHDRAWAL,6940.0,6940.0,1,0,-0.34141255239616886
30400,290,WITHDRAWAL,2653.0,2653.0,1,0,-0.3423532135820687
30412,47,WITHDRAWAL,6300.0,6300.0,1,0,-0.32387533509724853
30426,485,WITHDRAWAL,12600.0,76400.0,2,0,-0.08376806898162437
30444,67,WITHDRAWAL,8000.0,8000.0,1,0,-0.3065336432989739
30467,47,WITHDRAWAL,174.0,5874.0,2,0,-0.3772789908958182
30488,378,WITHDRAWAL,1184.0,21363.2,5,0,-0.12108165363253764
30491,239,WITHDRAWAL,152.0,4652.0,2,0,-0.37081305754996924
30506,441,WITHDRAWAL,765.0,43165.0,2,0,-0.21652906360693192
30545,441,WITHDRAWAL,30.0,17930.0,2,0,-0.30064936871455417
30619,68,WITHDRAWAL,1186.0,2891.0,2,0,-0.3575248157469357
30621,67,WITHDRAWAL,14.6,14.6,1,0,-0.386501812205743
30676,239,WITHDRAWAL,152.0,152.0,1,0,-0.3748436457797915
30743,290,WITHDRAWAL,2653.0,2653.0,1,0,-0.3423532135820687
30744,90,WITHDRAWAL,2375.0,5510.0,3,0,-0.31694880826833327
30757,290,WITHDRAWAL,28100.0,28100.0,1,0,-0.2091311328545199
30758,90,WITHDRAWAL,1200.0,6254.6,3,0,-0.31680523709056124
30787,378,WITHDRAWAL,8537.0,12377.2,2,0,-0.3315771764683819
30793,47,WITHDRAWAL,5700.0,16849.0,5,0,-0.11703833978116984
30796,68,WITHDRAWAL,1705.0,1705.0,1,0,-0.3325821103629617
30819,441,WITHDRAWAL,765.0,62565.0,2,0,-0.15024477974019212
30846,290,WITHDRAWAL,14.6,14.6,1,0,-0.386501812205743
30862,485,WITHDRAWAL,5100.0,5100.0,1,0,-0.32178251827928
30864,68,WITHDRAWAL,61.0,9498.0,4,0,-0.23825195701603818
30872,485,WITHDRAWAL,6000.0,6100.0,2,0,-0.3705350944059631
30938,378,WITHDRAWAL,57900.0,103100.0,2,0,-0.03135166201466488
30960,90,WITHDRAWAL,361.0,4733.0,2,0,-0.37178865815419676
31015,441,WITHDRAWAL,12100.0,12100.0,1,0,-0.2634747521142722
31036,47,WITHDRAWAL,20800.0,41549.0,4,0,-0.1610499144509232
31047,68,WITHDRAWAL,12000.0,12000.0,1,0,-0.2638969501905368
31083,319,WITHDRAWAL,30.0,7230.0,2,0,-0.36675759141300995
31093,319,WITHDRAWAL,416.0,1716.0,2,0,-0.329806497354121
31124,485,WITHDRAWAL,1591.0,1591.0,1,0,-0.33795709399809487
31134,47,WITHDRAWAL,14.6,14.6,1,0,-0.386501812205743
31145,90,WITHDRAWAL,14.6,14.6,1,0,-0.386501812205743
31154,68,WITHDRAWAL,100.0,100.0,1,0,-0.38093267365646144
31193,68,WITHDRAWAL,61.0,198.0,2,0,-0.28949381573266075
31250,485,WITHDRAWAL,7421.0,12584.0,3,0,-0.3389472964921487
31312,319,WITHDRAWAL,25000.0,26473.0,3,0,-0.2784480033597654
31332,68,WITHDRAWAL,24300.0,24400.0,2,0,-0.29813548683310304
31370,378,WITHDRAWAL,17700.0,17700.0,1,0,-0.2474395497542896
31387,67,WITHDRAWAL,14.6,11414.6,2,0,-0.3371863693024451
31403,441,WITHDRAWAL,7500.0,18430.0,3,0,-0.29532252749333504
31431,378,WITHDRAWAL,1184.0,13563.2,4,0,-0.25307975106204383
31469,239,WITHDRAWAL,152.0,152.0,1,0,-0.3748436457797915
31509,485,WITHDRAWAL,7421.0,12584.0,3,0,-0.3389472964921487
31535,319,WITHDRAWAL,58600.0,65230.0,3,0,-0.15692700849904773
31540,378,WITHDRAWAL,11100.0,11100.0,1,0,-0.2753425634129675
31576,68,WITHDRAWAL,1705.0,1705.0,1,0,-0.3325821103629617
31629,47,WITHDRAWAL,28000.0,28000.0,1,0,-0.20797018921363564
31636,290,WITHDRAWAL,2577.0,8504.0,3,0,-0.3304009786746747
31637,67,WITHDRAWAL,5500.0,12338.0,3,0,-0.3358455390378667
31641,47,WITHDRAWAL,6940.0,6940.0,1,0,-0.34141255239616886
31680,239,WITHDRAWAL,1042.0,1194.0,2,0,-0.32363841481781136
31698,485,WITHDRAWAL,100.0,100.0,1,0,-0.38093267365646144
31699,441,WITHDRAWAL,3041.0,3041.0,1,0,-0.3431607943603493
31702,485,WITHDRAWAL,1591.0,1591.0,1,0,-0.33795709399809487
31708,290,WITHDRAWAL,2577.0,8504.0,3,0,-0.3304009786746747
31711,485,WITHDRAWAL,100.0,100.0,1,0,-0.38093267365646144
31739,290,WITHDRAWAL,2653.0,2653.0,1,0,-0.3423532135820687
31800,47,WITHDRAWAL,9.0,6949.0,2,0,-0.37076234353334037
31809,68,WITHDRAWAL,17200.0,20091.0,3,0,-0.2915632981775086
31841,441,WITHDRAWAL,19400.0,19400.0,1,0,-0.2529753083363968
31842,441,WITHDRAWAL,18100.0,21141.0,2,0,-0.30740122028683786
31844,319,WITHDRAWAL,30.0,4230.0,2,0,-0.3637268530386131
31853,90,WITHDRAWAL,3960.0,8693.0,3,0,-0.33043102523631807
31882,68,WITHDRAWAL,137.0,6137.0,2,0,-0.3703446244602994
31891,485,WITHDRAWAL,7421.0,12584.0,3,0,-0.3389472964921487
31919,378,WITHDRAWAL,1184.0,9723.0,3,0,-0.32378527934937484
31945,290,WITHDRAWAL,3274.0,5927.0,2,0,-0.37740775202652493
31977,290,WITHDRAWAL,2577.0,8504.0,3,0,-0.3304009786746747
31996,290,WITHDRAWAL,20900.0,20900.0,1,0,-0.2544940053282032
32017,68,WITHDRAWAL,26100.0,26200.0,2,0,-0.2981873506800473
32028,441,WITHDRAWAL,5400.0,5430.0,2,0,-0.3761500961746851
32050,90,WITHDRAWAL,2375.0,15710.0,4,0,-0.24141687218482588
32064,290,WITHDRAWAL,9900.0,9914.6,2,0,-0.337933721682277
32070,67,WITHDRAWAL,6915.0,28515.0,3,0,-0.2664803829601089
32076,47,WITHDRAWAL,174.0,174.0,1,0,-0.36366471349245
32091,319,WITHDRAWAL,2196.0,22418.5,7,0,-0.049686322780300496
32098,68,WITHDRAWAL,21700.0,21898.0,3,0,-0.2790942563342752
32115,68,WITHDRAWAL,29700.0,30886.0,2,0,-0.25947900612555874
32124,90,WITHDRAWAL,2375.0,5510.0,3,0,-0.31694880826833327
32136,67,WITHDRAWAL,445.0,45253.0,4,0,-0.15199915622633453
32138,319,WITHDRAWAL,1300.0,1300.0,1,0,-0.3174150656092728
32154,239,WITHDRAWAL,3000.0,10400.0,2,0,-0.339750663281423
32162,67,WITHDRAWAL,22400.0,22400.0,1,0,-0.24808879325661326
32167,441,WITHDRAWAL,765.0,765.0,1,0,-0.3095217688977081
32200,68,WITHDRAWAL,1186.0,2891.0,2,0,-0.3575248157469357
32204,441,WITHDRAWAL,30.0,2430.0,2,0,-0.342445532100897
32209,90,WITHDRAWAL,2774.0,3135.0,2,0,-0.3546580038429851
32258,90,WITHDRAWAL,4372.0,4372.0,1,0,-0.3319398170498401
32276,441,WITHDRAWAL,3041.0,3041.0,1,0,-0.3431607943603493
32292,90,WITHDRAWAL,4560.0,10070.0,4,0,-0.2426135771065816
32307,67,WITHDRAWAL,445.0,13753.0,3,0,-0.32466665355277546
32340,68,WITHDRAWAL,137.0,9537.0,2,0,-0.34183986123138504
32364,47,WITHDRAWAL,9.0,6949.0,2,0,-0.37076234353334037
32381,90,WITHDRAWAL,15300.0,15300.0,1,0,-0.24916227216330245
32384,239,WITHDRAWAL,1042.0,1194.0,2,0,-0.32363841481781136
32403,90,WITHDRAWAL,2375.0,5510.0,3,0,-0.31694880826833327
32414,239,WITHDRAWAL,30.0,30.0,1,0,-0.38295594687480544
32443,68,WITHDRAWAL,1705.0,1705.0,1,0,-0.3325821103629617
32455,378,WITHDRAWAL,10200.0,10200.0,1,0,-0.27933932648256954
32485,90,WITHDRAWAL,11600.0,11614.6,2,0,-0.33584112816323275
32487,319,WITHDRAWAL,416.0,416.0,1,0,-0.3332725879851314
32493,239,WITHDRAWAL,16800.0,23837.0,3,0,-0.28217049249215453
32500,319,WITHDRAWAL,1057.0,7622.5,3,0,-0.3231601029207476
32532,68,WITHDRAWAL,1705.0,23405.0,2,0,-0.2967771272166737
32540,90,WITHDRAWAL,14.6,10814.6,2,0,-0.33235453572546997
32587,90,WITHDRAWAL,14.6,14.6,1,0,-0.386501812205743
32591,68,WITHDRAWAL,11700.0,11898.0,3,0,-0.32990266742387764
32624,90,WITHDRAWAL,4372.0,4372.0,1,0,-0.3319398170498401
32626,441,WITHDRAWAL,30.0,30.0,1,0,-0.38295594687480544
32658,90,WITHDRAWAL,1680.0,4200.0,2,0,-0.3637268530386131
32688,47,WITHDRAWAL,3900.0,16549.0,4,0,-0.24312927560445186
32715,67,WITHDRAWAL,6915.0,6915.0,1,0,-0.3379765486141795
32726,485,WITHDRAWAL,1700.0,1700.0,1,0,-0.3337309116100018
32759,67,WITHDRAWAL,19700.0,19714.6,2,0,-0.3027980156202013
32767,90,WITHDRAWAL,4372.0,4372.0,1,0,-0.3319398170498401
32785,441,WITHDRAWAL,3041.0,12641.0,3,0,-0.3351284901592301
32818,239,WITHDRAWAL,1000.0,8037.0,3,0,-0.32594635178491793
32825,378,WITHDRAWAL,14.6,14.6,1,0,-0.386501812205743
32891,68,WITHDRAWAL,1186.0,23291.0,3,0,-0.27996201874249416
32917,485,WITHDRAWAL,7421.0,12584.0,3,0,-0.3389472964921487
32953,485,WITHDRAWAL,1591.0,1591.0,1,0,-0.33795709399809487
32967,239,WITHDRAWAL,1042.0,1194.0,2,0,-0.32363841481781136
32973,319,WITHDRAWAL,2196.0,9818.5,4,0,-0.246831355682828
32987,47,WITHDRAWAL,174.0,174.0,1,0,-0.36366471349245
33052,441,WITHDRAWAL,30.0,8230.0,2,0,-0.35109348858090716
33059,319,WITHDRAWAL,12900.0,12900.0,1,0,-0.26286689708615185
33150,485,WITHDRAWAL,1591.0,1591.0,1,0,-0.33795709399809487
33172,239,WITHDRAWAL,1042.0,1194.0,2,0,-0.32363841481781136
33215,485,WITHDRAWAL,1591.0,1591.0,1,0,-0.33795709399809487
33237,239,WITHDRAWAL,5995.0,7189.0,3,0,-0.332263704528546
33246,441,WITHDRAWAL,28700.0,28730.0,2,0,-0.2739229548721873
33260,47,WITHDRAWAL,6940.0,6940.0,1,0,-0.34141255239616886
33282,290,WITHDRAWAL,3274.0,5927.0,2,0,-0.37740775202652493
33298,239,WITHDRAWAL,5995.0,63189.0,5,0,-0.052906181697091825
33311,319,WITHDRAWAL,416.0,416.0,1,0,-0.3332725879851314
33386,290,WITHDRAWAL,2577.0,8504.0,3,0,-0.3304009786746747
33425,378,WITHDRAWAL,2.0,12379.2,3,0,-0.33658925192248007
33426,47,WITHDRAWAL,21800.0,21814.6,2,0,-0.30099120163344684
33432,319,WITHDRAWAL,7500.0,21000.0,2,0,-0.3092031953611431
33467,68,WITHDRAWAL,100.0,100.0,1,0,-0.38093267365646144
33481,378,WITHDRAWAL,1184.0,45123.0,4,0,-0.1546332730634441
33515,485,WITHDRAWAL,6300.0,10000.0,3,0,-0.32342189876678873
33545,68,WITHDRAWAL,137.0,137.0,1,0,-0.37326783095951477
33551,90,WITHDRAWAL,361.0,4733.0,2,0,-0.37178865815419676
33553,441,WITHDRAWAL,25200.0,60700.0,2,0,-0.15313470767747783
33622,441,WITHDRAWAL,52700.0,64441.0,3,0,-0.1597501917322307
33628,239,WITHDRAWAL,1042.0,1194.0,2,0,-0.32363841481781136
33646,290,WITHDRAWAL,2577.0,8504.0,3,0,-0.3304009786746747
33674,67,WITHDRAWAL,22300.0,22745.0,2,0,-0.2985744807443732
33690,67,WITHDRAWAL,16700.0,16700.0,1,0,-0.2486157080299486
33720,319,WITHDRAWAL,7800.0,16500.0,2,0,-0.31606480520614866
33731,441,WITHDRAWAL,30.0,30.0,1,0,-0.38295594687480544
33737,67,WITHDRAWAL,14.6,14.6,1,0,-0.386501812205743
33794,290,WITHDRAWAL,4500.0,4500.0,1,0,-0.32789976733029835
33816,378,WITHDRAWAL,14.6,14.6,1,0,-0.386501812205743
33845,239,WITHDRAWAL,6000.0,6000.0,1,0,-0.3239901482733303
33875,68,WITHDRAWAL,137.0,7937.0,2,0,-0.3547854286766439
33879,378,WITHDRAWAL,1184.0,12423.0,4,0,-0.24765016740910784
33929,68,WITHDRAWAL,1186.0,2891.0,2,0,-0.3575248157469357
33932,68,WITHDRAWAL,137.0,137.0,1,0,-0.37326783095951477
33984,67,WITHDRAWAL,445.0,13753.0,3,0,-0.32466665355277546
34009,485,WITHDRAWAL,100.0,100.0,1,0,-0.38093267365646144
34020,319,WITHDRAWAL,30.0,10530.0,2,0,-0.3384904665658957
34079,290,WITHDRAWAL,2653.0,2653.0,1,0,-0.3423532135820687
34093,239,WITHDRAWAL,7900.0,7900.0,1,0,-0.3106269025436848
34108,378,WITHDRAWAL,14.6,14.6,1,0,-0.386501812205743
34117,378,WITHDRAWAL,2.0,8539.0,2,0,-0.3584484984821475
34120,441,WITHDRAWAL,24700.0,27741.0,2,0,-0.28639572820072456
34121,441,WITHDRAWAL,3300.0,3300.0,1,0,-0.3316000043044171
34134,68,WITHDRAWAL,3300.0,12898.0,4,0,-0.25229917067324714
34159,90,WITHDRAWAL,21000.0,21000.0,1,0,-0.2581142671876042
34194,485,WITHDRAWAL,1591.0,1591.0,1,0,-0.33795709399809487
34198,68,WITHDRAWAL,100.0,100.0,1,0,-0.38093267365646144
34274,68,WITHDRAWAL,1500.0,1500.0,1,0,-0.32874053760823974
34291,378,WITHDRAWAL,37700.0,41200.0,2,0,-0.21827591042332983
34324,90,WITHDRAWAL,1680.0,1680.0,1,0,-0.3333115938078016
34374,378,WITHDRAWAL,14.6,14.6,1,0,-0.386501812205743
34384,47,WITHDRAWAL,141.0,315.0,2,0,-0.2984976101261297
34393,47,WITHDRAWAL,141.0,315.0,2,0,-0.2984976101261297
34414,485,WITHDRAWAL,1591.0,1591.0,1,0,-0.33795709399809487
34450,290,WITHDRAWAL,13000.0,13000.0,1,0,-0.2638440334655445
34452,90,WITHDRAWAL,4372.0,7372.0,3,0,-0.3277664128750104
34495,290,WITHDRAWAL,7800.0,7800.0,1,0,-0.3142151251552963
34570,319,WITHDRAWAL,2700.0,2700.0,1,0,-0.33969276714510377
34602,319,WITHDRAWAL,2196.0,9818.5,4,0,-0.246831355682828
34629,290,WITHDRAWAL,3274.0,5927.0,2,0,-0.37740775202652493
34648,441,WITHDRAWAL,765.0,765.0,1,0,-0.3095217688977081
34664,68,WITHDRAWAL,1186.0,13791.0,3,0,-0.32352202104721056
34686,239,WITHDRAWAL,15400.0,44900.0,2,0,-0.21179769957758632
34687,378,WITHDRAWAL,4.0,3304.0,2,0,-0.3506915498296312
34725,290,WITHDRAWAL,3274.0,5927.0,2,0,-0.37740775202652493
34756,67,WITHDRAWAL,6393.0,6393.0,1,0,-0.32629648210364537
34759,485,WITHDRAWAL,3572.0,11463.0,3,0,-0.32810230938047485
34800,90,WITHDRAWAL,14.6,11314.6,2,0,-0.3353598242777322
34813,239,WITHDRAWAL,1042.0,29994.0,3,0,-0.25350028227472166
34818,290,WITHDRAWAL,2577.0,8504.0,3,0,-0.3304009786746747
34820,47,WITHDRAWAL,141.0,315.0,2,0,-0.2984976101261297
34856,67,WITHDRAWAL,445.0,6838.0,2,0,-0.37121281985034205
34889,239,WITHDRAWAL,5995.0,14389.0,4,0,-0.24928409106426885
34931,441,WITHDRAWAL,32900.0,35941.0,2,0,-0.22878210005587107
34994,67,WITHDRAWAL,6915.0,27215.0,2,0,-0.2940492532794351
35008,67,WITHDRAWAL,445.0,13753.0,3,0,-0.32466665355277546
35010,239,WITHDRAWAL,1042.0,16094.0,4,0,-0.239860955095479
35013,47,WITHDRAWAL,6000.0,6000.0,1,0,-0.3239901482733303
35042,319,WITHDRAWAL,30.0,30.0,1,0,-0.38295594687480544
35043,239,WITHDRAWAL,30.0,30.0,1,0,-0.38295594687480544
35091,68,WITHDRAWAL,7200.0,69386.0,3,0,-0.13850237374963603
35111,67,WITHDRAWAL,21500.0,28338.0,3,0,-0.2689038500336024
35113,47,WITHDRAWAL,9.0,6949.0,2,0,-0.37076234353334037
35138,319,WITHDRAWAL,2196.0,9818.5,4,0,-0.246831355682828
35148,67,WITHDRAWAL,14.6,14.6,1,0,-0.386501812205743
35174,485,WITHDRAWAL,3572.0,5163.0,2,0,-0.3760405061722284
35188,47,WITHDRAWAL,5100.0,7974.0,3,0,-0.3264072163049022
35250,239,WITHDRAWAL,30.0,30.0,1,0,-0.38295594687480544
35271,290,WITHDRAWAL,2577.0,39704.0,4,0,-0.16546249168746008
35272,485,WITHDRAWAL,1591.0,77991.0,3,0,-0.09002228758646713
35306,90,WITHDRAWAL,2400.0,7910.0,4,0,-0.21555213078352087
35372,319,WITHDRAWAL,2400.0,11802.5,4,0,-0.24071364368251302
35399,67,WITHDRAWAL,26000.0,26000.0,1,0,-0.2129506338332593
35414,441,WITHDRAWAL,3041.0,14641.0,2,0,-0.31355489074153
35444,319,WITHDRAWAL,1057.0,3573.0,3,0,-0.268693102976274
35446,47,WITHDRAWAL,1500.0,11841.0,4,0,-0.24198608095116914
35461,67,WITHDRAWAL,34300.0,34300.0,1,0,-0.18997444692374088
35472,90,WITHDRAWAL,3000.0,8149.0,3,0,-0.327335834823841
35485,319,WITHDRAWAL,416.0,10316.0,2,0,-0.338600550636302
35517,47,WITHDRAWAL,14.6,14.6,1,0,-0.386501812205743
35523,290,WITHDRAWAL,3300.0,11100.0,2,0,-0.33579337817098476
35549,67,WITHDRAWAL,5800.0,5800.0,1,0,-0.3211465296257442
35594,67,WITHDRAWAL,6393.0,13308.0,2,0,-0.3289180861402688
35609,90,WITHDRAWAL,4372.0,4372.0,1,0,-0.3319398170498401
35652,378,WITHDRAWAL,14.6,14.6,1,0,-0.386501812205743
35662,239,WITHDRAWAL,5995.0,7189.0,3,0,-0.332263704528546
35698,68,WITHDRAWAL,1186.0,2891.0,2,0,-0.3575248157469357
35745,441,WITHDRAWAL,2400.0,2400.0,1,0,-0.32435568103044865
35822,47,WITHDRAWAL,174.0,174.0,1,0,-0.36366471349245
35837,90,WITHDRAWAL,14.6,14.6,1,0,-0.386501812205743
35868,239,WITHDRAWAL,152.0,152.0,1,0,-0.3748436457797915
35877,378,WITHDRAWAL,24000.0,24000.0,1,0,-0.2336407978456575
35885,290,WITHDRAWAL,2653.0,2653.0,1,0,-0.3423532135820687
35890,378,WITHDRAWAL,2400.0,2404.0,2,0,-0.33987917982126065
35897,485,WITHDRAWAL,7421.0,12584.0,3,0,-0.3389472964921487
35922,441,WITHDRAWAL,15700.0,18741.0,2,0,-0.3028139607616006
35924,319,WITHDRAWAL,416.0,416.0,1,0,-0.3332725879851314
35933,68,WITHDRAWAL,14000.0,24991.0,5,0,-0.11232964105293841
35977,67,WITHDRAWAL,6393.0,6393.0,1,0,-0.32629648210364537
36016,67,WITHDRAWAL,445.0,13753.0,3,0,-0.32466665355277546
36017,68,WITHDRAWAL,100.0,1600.0,2,0,-0.32720524160428444
36025,485,WITHDRAWAL,7421.0,12584.0,3,0,-0.3389472964921487
36051,290,WITHDRAWAL,3274.0,5927.0,2,0,-0.37740775202652493
36096,47,WITHDRAWAL,27800.0,42540.0,3,0,-0.20000059449254182
36098,485,WITHDRAWAL,100.0,100.0,1,0,-0.38093267365646144
36105,47,WITHDRAWAL,6940.0,6940.0,1,0,-0.34141255239616886
36109,47,WITHDRAWAL,6940.0,10840.0,2,0,-0.33195163835605784
36136,239,WITHDRAWAL,35300.0,102230.0,4,0,-0.011917940603864197
36137,90,WITHDRAWAL,10200.0,14572.0,2,0,-0.3144549655529229
36154,67,WITHDRAWAL,6900.0,6900.0,1,0,-0.3358333973478448
36157,319,WITHDRAWAL,30.0,8830.0,2,0,-0.35109848222216444
36197,378,WITHDRAWAL,2.0,12379.2,3,0,-0.33658925192248007
36246,378,WITHDRAWAL,37500.0,37504.0,2,0,-0.22996522402137176
36271,47,WITHDRAWAL,6940.0,6940.0,1,0,-0.34141255239616886
36274,485,WITHDRAWAL,3572.0,15463.0,3,0,-0.3106368449326207
36284,68,WITHDRAWAL,137.0,5837.0,2,0,-0.3763757257310875
36316,90,WITHDRAWAL,2375.0,29410.0,4,0,-0.19311226677019877
36392,441,WITHDRAWAL,30.0,30.0,1,0,-0.38295594687480544
36399,290,WITHDRAWAL,14.6,14.6,1,0,-0.386501812205743
36523,290,WITHDRAWAL,6300.0,8800.0,2,0,-0.3507461181148967
36528,485,WITHDRAWAL,3572.0,9363.0,3,0,-0.3244252042794077
36558,67,WITHDRAWAL,8300.0,8314.6,2,0,-0.3515734215007438
36575,47,WITHDRAWAL,16100.0,20000.0,2,0,-0.30500161516733665
36609,68,WITHDRAWAL,27500.0,27500.0,1,0,-0.21015636105025504
36619,290,WITHDRAWAL,14.6,14.6,1,0,-0.386501812205743
36672,441,WITHDRAWAL,44300.0,47341.0,2,0,-0.20294367164132432
36678,485,WITHDRAWAL,19100.0,54500.0,3,0,-0.17424270686699073
36760,90,WITHDRAWAL,1440.0,1440.0,1,0,-0.32449413453885
36837,441,WITHDRAWAL,765.0,67065.0,3,0,-0.1456821839378173
36865,441,WITHDRAWAL,765.0,62765.0,3,0,-0.1627363168101128
36908,378,WITHDRAWAL,8537.0,43937.0,2,0,-0.21161475743128944
36925,485,WITHDRAWAL,7421.0,12584.0,3,0,-0.3389472964921487
36997,47,WITHDRAWAL,14.6,14.6,1,0,-0.386501812205743
37030,441,WITHDRAWAL,765.0,29165.0,2,0,-0.2703334538126242
37043,67,WITHDRAWAL,13300.0,13300.0,1,0,-0.26299265090177915
37044,90,WITHDRAWAL,361.0,4733.0,2,0,-0.37178865815419676
37061,67,WITHDRAWAL,14.6,14.6,1,0,-0.386501812205743
37108,485,WITHDRAWAL,1591.0,1591.0,1,0,-0.33795709399809487
37138,290,WITHDRAWAL,2577.0,21404.0,4,0,-0.23148546434418116
37156,239,WITHDRAWAL,12300.0,12330.0,2,0,-0.33338144868666414
37292,290,WITHDRAWAL,3274.0,21527.0,4,0,-0.23062037940261482
37293,239,WITHDRAWAL,9900.0,15895.0,2,0,-0.3108559945170758
37301,239,WITHDRAWAL,7600.0,7600.0,1,0,-0.31515818289377556
37358,90,WITHDRAWAL,4372.0,4372.0,1,0,-0.3319398170498401
37359,441,WITHDRAWAL,3041.0,3041.0,1,0,-0.3431607943603493
37366,319,WITHDRAWAL,2196.0,3669.0,3,0,-0.26571821415452934
37423,319,WITHDRAWAL,3500.0,3916.0,2,0,-0.3577514735723867
37450,485,WITHDRAWAL,7421.0,12584.0,3,0,-0.3389472964921487
37466,290,WITHDRAWAL,14.6,41614.6,2,0,-0.21699793342112872
37492,68,WITHDRAWAL,1705.0,1705.0,1,0,-0.3325821103629617
37511,47,WITHDRAWAL,14.6,52314.6,3,0,-0.18119999250160768
37512,485,WITHDRAWAL,63800.0,63800.0,1,0,-0.08649340385078996
37647,90,WITHDRAWAL,1680.0,7190.0,4,0,-0.20953944074159958
37693,47,WITHDRAWAL,6940.0,6940.0,1,0,-0.34141255239616886
37695,441,WITHDRAWAL,11600.0,11630.0,2,0,-0.3361418847662491
37697,67,WITHDRAWAL,6393.0,14393.0,2,0,-0.31499571316252073
37712,485,WITHDRAWAL,7421.0,28584.0,4,0,-0.19939162471282912
37729,441,WITHDRAWAL,765.0,3165.0,2,0,-0.3539749385091421
37782,68,WITHDRAWAL,1186.0,2891.0,2,0,-0.3575248157469357
37785,319,WITHDRAWAL,416.0,8316.0,2,0,-0.3515734215007438
37798,239,WITHDRAWAL,5995.0,7189.0,3,0,-0.332263704528546
37802,47,WITHDRAWAL,6940.0,6940.0,1,0,-0.34141255239616886
37803,319,WITHDRAWAL,416.0,416.0,1,0,-0.3332725879851314
37816,67,WITHDRAWAL,10900.0,10900.0,1,0,-0.27836308126268305
37826,68,WITHDRAWAL,8700.0,18805.0,4,0,-0.23428801334752425
37867,47,WITHDRAWAL,6940.0,6940.0,1,0,-0.34141255239616886
37886,239,WITHDRAWAL,152.0,152.0,1,0,-0.3748436457797915
37893,319,WITHDRAWAL,30.0,30.0,1,0,-0.38295594687480544
37894,378,WITHDRAWAL,2.0,8539.0,2,0,-0.3584484984821475
37913,67,WITHDRAWAL,6915.0,6915.0,1,0,-0.3379765486141795
37935,378,WITHDRAWAL,40100.0,40100.0,1,0,-0.15544751294815606
37952,47,WITHDRAWAL,3900.0,3900.0,1,0,-0.33173763349685736
37953,47,WITHDRAWAL,7800.0,14740.0,2,0,-0.3141299564411716
37982,319,WITHDRAWAL,2196.0,7569.0,5,0,-0.10059429093588412
37987,239,WITHDRAWAL,1042.0,1194.0,2,0,-0.32363841481781136
37993,68,WITHDRAWAL,6300.0,7486.0,2,0,-0.36363349849164006
38029,47,WITHDRAWAL,9.0,6949.0,2,0,-0.37076234353334037
38042,441,WITHDRAWAL,7200.0,18630.0,4,0,-0.23428801334752425
38051,47,WITHDRAWAL,141.0,26715.0,3,0,-0.2781081986579109
38060,485,WITHDRAWAL,100.0,100.0,1,0,-0.38093267365646144
38089,441,WITHDRAWAL,5100.0,5100.0,1,0,-0.32178251827928
38095,68,WITHDRAWAL,1186.0,2891.0,2,0,-0.3575248157469357
38129,68,WITHDRAWAL,7500.0,17598.0,5,0,-0.11743780492487488
38186,68,WITHDRAWAL,3900.0,8100.0,2,0,-0.3539233368936897
38188,290,WITHDRAWAL,2577.0,8504.0,3,0,-0.3304009786746747
38189,441,WITHDRAWAL,30.0,30.0,1,0,-0.38295594687480544
38229,319,WITHDRAWAL,30.0,30.0,1,0,-0.38295594687480544
38285,47,WITHDRAWAL,174.0,4674.0,2,0,-0.3710901606268793
38297,239,WITHDRAWAL,5995.0,7189.0,3,0,-0.332263704528546
38312,47,WITHDRAWAL,3600.0,25200.0,2,0,-0.30238632062780674
38496,47,WITHDRAWAL,141.0,315.0,2,0,-0.2984976101261297
38533,441,WITHDRAWAL,765.0,48365.0,2,0,-0.20132032558198776
38547,47,WITHDRAWAL,2700.0,14400.0,4,0,-0.24928409106426885
38556,67,WITHDRAWAL,14.6,14.6,1,0,-0.386501812205743
38571,485,WITHDRAWAL,1591.0,5791.0,2,0,-0.3763757257310875
38604,239,WITHDRAWAL,27900.0,50437.0,4,0,-0.13193857368175432
38606,290,WITHDRAWAL,2700.0,11100.0,2,0,-0.33579337817098476
38608,67,WITHDRAWAL,6393.0,15093.0,2,0,-0.3133265510072247
38610,47,WITHDRAWAL,9.0,6949.0,2,0,-0.37076234353334037
38623,67,WITHDRAWAL,20700.0,20700.0,1,0,-0.25216859066169106
38627,290,WITHDRAWAL,14.6,14.6,1,0,-0.386501812205743
38645,47,WITHDRAWAL,6940.0,6940.0,1,0,-0.34141255239616886
38652,90,WITHDRAWAL,4900.0,5754.6,3,0,-0.31561598934096546
38664,378,WITHDRAWAL,59900.0,62900.0,2,0,-0.15053169346155426
38672,485,WITHDRAWAL,3572.0,5163.0,2,0,-0.3760405061722284
38695,290,WITHDRAWAL,5400.0,8100.0,2,0,-0.3539233368936897
38750,378,WITHDRAWAL,14.6,14.6,1,0,-0.386501812205743
38757,47,WITHDRAWAL,17700.0,17700.0,1,0,-0.2474395497542896
38806,290,WITHDRAWAL,2653.0,2653.0,1,0,-0.3423532135820687
38842,319,WITHDRAWAL,2196.0,15269.0,4,0,-0.24458706366931782
38844,47,WITHDRAWAL,174.0,174.0,1,0,-0.36366471349245
38920,68,WITHDRAWAL,100.0,100.0,1,0,-0.38093267365646144
38925,319,WITHDRAWAL,11700.0,11700.0,1,0,-0.2685599174804578
38945,441,WITHDRAWAL,53900.0,56941.0,2,0,-0.1676482569441189
38963,485,WITHDRAWAL,7421.0,12584.0,3,0,-0.3389472964921487
38972,319,WITHDRAWAL,11600.0,12016.0,2,0,-0.337273933197947
38994,239,WITHDRAWAL,1042.0,1194.0,2,0,-0.32363841481781136
39000,90,WITHDRAWAL,2375.0,9470.0,4,0,-0.23825195701603818
39020,485,WITHDRAWAL,7421.0,14084.0,4,0,-0.2501520334886671
39036,485,WITHDRAWAL,1591.0,1591.0,1,0,-0.33795709399809487
39100,485,WITHDRAWAL,1591.0,1591.0,1,0,-0.33795709399809487
39101,290,WITHDRAWAL,14.6,14.6,1,0,-0.386501812205743
39180,319,WITHDRAWAL,5400.0,17100.0,2,0,-0.3085947993297588
39235,319,WITHDRAWAL,2196.0,9818.5,4,0,-0.246831355682828
39258,319,WITHDRAWAL,1057.0,7622.5,3,0,-0.3231601029207476
39338,68,WITHDRAWAL,137.0,137.0,1,0,-0.37326783095951477
39357,67,WITHDRAWAL,31500.0,31500.0,1,0,-0.19825611450542768
39375,319,WITHDRAWAL,1057.0,1473.0,2,0,-0.329651596153048
39417,47,WITHDRAWAL,8700.0,10515.0,4,0,-0.24488845697651673
39428,67,WITHDRAWAL,445.0,15538.0,3,0,-0.3109546486411827
39453,47,WITHDRAWAL,141.0,315.0,2,0,-0.2984976101261297
39461,47,WITHDRAWAL,4500.0,4500.0,1,0,-0.32789976733029835
39519,47,WITHDRAWAL,26400.0,26414.6,2,0,-0.29693709015137953
39590,90,WITHDRAWAL,2774.0,3135.0,2,0,-0.3546580038429851
39636,67,WITHDRAWAL,14.6,16714.6,2,0,-0.310765517822932
39638,485,WITHDRAWAL,4500.0,4500.0,1,0,-0.32789976733029835
39666,485,WITHDRAWAL,3572.0,5163.0,2,0,-0.3760405061722284
39701,290,WITHDRAWAL,700.0,3277.0,2,0,-0.352347902647379
39713,67,WITHDRAWAL,61500.0,61500.0,1,0,-0.0949904881458582
39738,485,WITHDRAWAL,22300.0,29721.0,2,0,-0.2681886162560223
39753,239,WITHDRAWAL,1042.0,1194.0,2,0,-0.32363841481781136
39802,68,WITHDRAWAL,3600.0,3798.0,3,0,-0.2681352068898343
39803,319,WITHDRAWAL,416.0,416.0,1,0,-0.3332725879851314
39822,68,WITHDRAWAL,61.0,198.0,2,0,-0.28949381573266075
39829,68,WITHDRAWAL,6000.0,6100.0,2,0,-0.3705350944059631
39889,485,WITHDRAWAL,100.0,100.0,1,0,-0.38093267365646144
39899,485,WITHDRAWAL,7421.0,12584.0,3,0,-0.3389472964921487
39909,485,WITHDRAWAL,3000.0,25300.0,2,0,-0.3016159801436765
39916,239,WITHDRAWAL,5995.0,10189.0,4,0,-0.24511396330354396
39968,47,WITHDRAWAL,141.0,5715.0,3,0,-0.3142230440543323
40015,90,WITHDRAWAL,2774.0,3135.0,2,0,-0.3546580038429851
40020,378,WITHDRAWAL,1184.0,50363.2,5,0,-0.0636563178362678
40039,485,WITHDRAWAL,1591.0,1591.0,1,0,-0.33795709399809487
40045,68,WITHDRAWAL,61.0,198.0,2,0,-0.28949381573266075
40098,90,WITHDRAWAL,4372.0,4372.0,1,0,-0.3319398170498401
40115,290,WITHDRAWAL,37700.0,37714.6,2,0,-0.22996522402137176
40118,67,WITHDRAWAL,6393.0,13308.0,2,0,-0.3289180861402688
40125,239,WITHDRAWAL,1042.0,1194.0,2,0,-0.32363841481781136
40168,441,WITHDRAWAL,30.0,10230.0,3,0,-0.3226274906296994
40177,47,WITHDRAWAL,9.0,6949.0,2,0,-0.37076234353334037
