,account_id,trans_type,amount,total_withdrawals_5d,num_withdrawals_5d
35,90,WITHDRAWAL,14.6,19114.6,2
81,68,WITHDRAWAL,100.0,100.0,1
104,485,WITHDRAWAL,24100.0,29263.0,3
137,319,WITHDRAWAL,2196.0,9818.5,4
166,67,WITHDRAWAL,6393.0,6393.0,1
174,441,WITHDRAWAL,30.0,30.0,1
214,68,WITHDRAWAL,61.0,198.0,2
344,485,WITHDRAWAL,100.0,100.0,1
369,290,WITHDRAWAL,2577.0,8504.0,3
379,47,WITHDRAWAL,141.0,315.0,2
397,378,WITHDRAWAL,8537.0,12377.2,2
403,485,WITHDRAWAL,3572.0,5163.0,2
411,290,WITHDRAWAL,2500.0,2500.0,1
433,319,WITHDRAWAL,13500.0,13500.0,1
438,67,WITHDRAWAL,41300.0,41300.0,1
502,441,WITHDRAWAL,2400.0,3165.0,2
514,47,WITHDRAWAL,141.0,37015.0,4
528,319,WITHDRAWAL,21100.0,21516.0,2
540,90,WITHDRAWAL,16200.0,16200.0,1
566,67,WITHDRAWAL,14.6,14.6,1
595,90,WITHDRAWAL,2774.0,3135.0,2
607,290,WITHDRAWAL,2653.0,2653.0,1
613,239,WITHDRAWAL,152.0,152.0,1
615,239,WITHDRAWAL,1042.0,1194.0,2
651,441,WITHDRAWAL,765.0,765.0,1
699,239,WITHDRAWAL,22000.0,22000.0,1
700,239,WITHDRAWAL,9300.0,9300.0,1
701,47,WITHDRAWAL,6940.0,6940.0,1
762,68,WITHDRAWAL,1186.0,2891.0,2
842,485,WITHDRAWAL,10700.0,21500.0,3
878,239,WITHDRAWAL,152.0,152.0,1
894,90,WITHDRAWAL,4372.0,4372.0,1
988,485,WITHDRAWAL,3572.0,5163.0,2
996,441,WITHDRAWAL,25000.0,25765.0,2
1016,441,WITHDRAWAL,22700.0,22700.0,1
1021,378,WITHDRAWAL,7100.0,19479.2,4
1084,441,WITHDRAWAL,765.0,24065.0,2
1102,68,WITHDRAWAL,14600.0,15786.0,2
1152,239,WITHDRAWAL,10500.0,10500.0,1
1160,485,WITHDRAWAL,1600.0,1700.0,2
1167,67,WITHDRAWAL,17500.0,24338.0,3
1175,90,WITHDRAWAL,361.0,19233.0,3
1180,90,WITHDRAWAL,4372.0,9272.0,2
1193,47,WITHDRAWAL,141.0,315.0,2
1207,47,WITHDRAWAL,14.6,9314.6,2
1235,378,WITHDRAWAL,14.6,57914.6,2
1247,90,WITHDRAWAL,5040.0,5040.0,1
1266,68,WITHDRAWAL,1705.0,1705.0,1
1275,378,WITHDRAWAL,2700.0,21000.0,2
1301,378,WITHDRAWAL,13500.0,73684.0,3
1312,290,WITHDRAWAL,2653.0,2653.0,1
1315,319,WITHDRAWAL,8300.0,11553.0,3
1329,441,WITHDRAWAL,17300.0,17330.0,2
1346,67,WITHDRAWAL,14.6,14.6,1
1357,47,WITHDRAWAL,1900.0,1914.6,2
1360,319,WITHDRAWAL,2196.0,28669.0,4
1386,90,WITHDRAWAL,2375.0,15710.0,4
1411,47,WITHDRAWAL,174.0,174.0,1
1420,290,WITHDRAWAL,3274.0,5927.0,2
1427,90,WITHDRAWAL,14.6,14.6,1
1452,319,WITHDRAWAL,1057.0,27273.0,4
1468,319,WITHDRAWAL,416.0,416.0,1
1469,485,WITHDRAWAL,3572.0,5163.0,2
1473,47,WITHDRAWAL,141.0,8115.0,4
1475,239,WITHDRAWAL,5995.0,7189.0,3
1486,239,WITHDRAWAL,30.0,30.0,1
1537,90,WITHDRAWAL,6900.0,9060.0,2
1565,441,WITHDRAWAL,13200.0,16241.0,2
1566,378,WITHDRAWAL,2.0,20179.2,4
1576,239,WITHDRAWAL,30.0,10830.0,3
1613,319,WITHDRAWAL,6149.5,56465.5,3
1617,68,WITHDRAWAL,100.0,100.0,1
1628,90,WITHDRAWAL,14.6,14.6,1
1642,239,WITHDRAWAL,34000.0,34000.0,1
1666,90,WITHDRAWAL,14.6,14.6,1
1672,319,WITHDRAWAL,416.0,5316.0,2
1675,68,WITHDRAWAL,100.0,100.0,1
1756,90,WITHDRAWAL,13800.0,13814.6,2
1810,47,WITHDRAWAL,13800.0,33000.0,2
1819,290,WITHDRAWAL,2653.0,57153.0,2
1821,485,WITHDRAWAL,3572.0,5163.0,2
1829,441,WITHDRAWAL,27900.0,30941.0,2
1876,378,WITHDRAWAL,8537.0,49537.0,2
1879,378,WITHDRAWAL,2.0,8539.0,2
1963,485,WITHDRAWAL,3572.0,5163.0,2
2025,485,WITHDRAWAL,1591.0,1591.0,1
2032,485,WITHDRAWAL,7421.0,20384.0,4
2050,239,WITHDRAWAL,152.0,152.0,1
2056,485,WITHDRAWAL,1591.0,34991.0,3
2075,239,WITHDRAWAL,30.0,30.0,1
2130,441,WITHDRAWAL,57600.0,57600.0,1
2179,90,WITHDRAWAL,2774.0,3135.0,2
2187,47,WITHDRAWAL,141.0,315.0,2
2200,47,WITHDRAWAL,141.0,315.0,2
2203,47,WITHDRAWAL,14.6,14.6,1
2219,441,WITHDRAWAL,3041.0,3041.0,1
2282,239,WITHDRAWAL,1042.0,1194.0,2
2289,239,WITHDRAWAL,152.0,152.0,1
2298,378,WITHDRAWAL,1184.0,9723.0,3
2365,68,WITHDRAWAL,6300.0,9300.0,2
2374,47,WITHDRAWAL,14.6,17714.6,2
2381,441,WITHDRAWAL,2400.0,5441.0,2
2419,378,WITHDRAWAL,8537.0,49177.2,3
2438,68,WITHDRAWAL,12600.0,12600.0,1
2454,67,WITHDRAWAL,22800.0,31500.0,2
2477,378,WITHDRAWAL,8537.0,8537.0,1
2521,485,WITHDRAWAL,3572.0,26263.0,3
2572,90,WITHDRAWAL,361.0,4733.0,2
2600,90,WITHDRAWAL,12000.0,12000.0,1
2601,47,WITHDRAWAL,23200.0,23200.0,1
2615,485,WITHDRAWAL,7421.0,12584.0,3
2667,47,WITHDRAWAL,9.0,6949.0,2
2682,485,WITHDRAWAL,100.0,100.0,1
2711,47,WITHDRAWAL,14.6,7314.6,2
2723,441,WITHDRAWAL,3041.0,3041.0,1
2751,290,WITHDRAWAL,3274.0,8027.0,3
2763,67,WITHDRAWAL,10200.0,10200.0,1
2777,68,WITHDRAWAL,1705.0,27305.0,2
2781,47,WITHDRAWAL,9.0,70249.0,3
2804,68,WITHDRAWAL,1705.0,1705.0,1
2827,485,WITHDRAWAL,25300.0,33400.0,2
2832,239,WITHDRAWAL,1042.0,1194.0,2
2861,485,WITHDRAWAL,7421.0,12584.0,3
2911,239,WITHDRAWAL,19500.0,19500.0,1
2943,239,WITHDRAWAL,152.0,102352.0,4
2959,485,WITHDRAWAL,1591.0,1591.0,1
2965,239,WITHDRAWAL,6200.0,6200.0,1
2975,441,WITHDRAWAL,3300.0,12900.0,2
3002,441,WITHDRAWAL,44000.0,69341.0,3
3012,90,WITHDRAWAL,4372.0,18172.0,2
3019,319,WITHDRAWAL,49000.0,49030.0,2
3022,239,WITHDRAWAL,152.0,152.0,1
3043,319,WITHDRAWAL,1057.0,11522.5,4
3083,90,WITHDRAWAL,361.0,4733.0,2
3126,90,WITHDRAWAL,2375.0,5510.0,3
3156,378,WITHDRAWAL,8537.0,20177.2,3
3168,47,WITHDRAWAL,6940.0,6940.0,1
3197,90,WITHDRAWAL,2774.0,3135.0,2
3211,90,WITHDRAWAL,2375.0,5510.0,3
3229,90,WITHDRAWAL,4372.0,4372.0,1
3279,290,WITHDRAWAL,16200.0,16200.0,1
3297,90,WITHDRAWAL,2040.0,11100.0,3
3308,47,WITHDRAWAL,174.0,174.0,1
3320,67,WITHDRAWAL,14.6,14.6,1
3389,441,WITHDRAWAL,30.0,30.0,1
3409,90,WITHDRAWAL,361.0,4733.0,2
3417,378,WITHDRAWAL,14.6,14.6,1
3446,239,WITHDRAWAL,5995.0,7189.0,3
3456,68,WITHDRAWAL,1705.0,4105.0,2
3488,239,WITHDRAWAL,57100.0,57100.0,1
3505,485,WITHDRAWAL,7421.0,12584.0,3
3514,319,WITHDRAWAL,5200.0,5200.0,1
3549,485,WITHDRAWAL,1591.0,1591.0,1
3556,441,WITHDRAWAL,765.0,57465.0,2
3585,47,WITHDRAWAL,9.0,6949.0,2
3599,378,WITHDRAWAL,2.0,8539.0,2
3604,67,WITHDRAWAL,445.0,13753.0,3
3605,485,WITHDRAWAL,10800.0,27500.0,2
3644,319,WITHDRAWAL,2196.0,3669.0,3
3647,378,WITHDRAWAL,2700.0,2714.6,2
3649,68,WITHDRAWAL,100.0,100.0,1
3667,67,WITHDRAWAL,14.6,14.6,1
3674,378,WITHDRAWAL,36300.0,36300.0,1
3686,67,WITHDRAWAL,6915.0,6915.0,1
3710,319,WITHDRAWAL,17700.0,17700.0,1
3717,47,WITHDRAWAL,24100.0,24274.0,2
3755,47,WITHDRAWAL,33700.0,33700.0,1
3804,90,WITHDRAWAL,361.0,14133.0,3
3817,68,WITHDRAWAL,100.0,9400.0,3
3837,90,WITHDRAWAL,14.6,14.6,1
3899,290,WITHDRAWAL,3274.0,5927.0,2
3937,90,WITHDRAWAL,2774.0,3135.0,2
4012,90,WITHDRAWAL,361.0,4733.0,2
4024,485,WITHDRAWAL,7800.0,7900.0,2
4041,67,WITHDRAWAL,6393.0,6393.0,1
4106,485,WITHDRAWAL,100.0,5200.0,2
4137,68,WITHDRAWAL,100.0,100.0,1
4155,319,WITHDRAWAL,6149.5,6565.5,2
4186,90,WITHDRAWAL,2520.0,18720.0,4
4202,47,WITHDRAWAL,6940.0,6940.0,1
4214,290,WITHDRAWAL,14.6,14.6,1
4251,90,WITHDRAWAL,13400.0,13414.6,2
4271,485,WITHDRAWAL,1591.0,1591.0,1
4313,378,WITHDRAWAL,4.0,4.0,1
4317,441,WITHDRAWAL,10200.0,29630.0,3
4341,485,WITHDRAWAL,3572.0,37363.0,3
4366,239,WITHDRAWAL,46100.0,72800.0,3
4393,67,WITHDRAWAL,16300.0,16300.0,1
4398,441,WITHDRAWAL,30.0,12030.0,2
4406,441,WITHDRAWAL,6300.0,6300.0,1
4428,68,WITHDRAWAL,61.0,198.0,2
4451,67,WITHDRAWAL,445.0,13753.0,3
4458,239,WITHDRAWAL,48300.0,66930.0,3
4470,290,WITHDRAWAL,11400.0,11400.0,1
4475,68,WITHDRAWAL,6600.0,6600.0,1
4492,319,WITHDRAWAL,2196.0,9818.5,4
4547,68,WITHDRAWAL,1705.0,1705.0,1
4557,290,WITHDRAWAL,41600.0,62900.0,2
4573,90,WITHDRAWAL,2774.0,3135.0,2
4592,441,WITHDRAWAL,765.0,49965.0,2
4595,290,WITHDRAWAL,2577.0,8504.0,3
4616,239,WITHDRAWAL,152.0,152.0,1
4658,68,WITHDRAWAL,1186.0,53091.0,3
4685,90,WITHDRAWAL,4372.0,4372.0,1
4689,90,WITHDRAWAL,2375.0,5510.0,3
4702,319,WITHDRAWAL,416.0,416.0,1
4752,319,WITHDRAWAL,1500.0,20100.0,2
4780,319,WITHDRAWAL,30.0,5730.0,2
4795,485,WITHDRAWAL,25300.0,25300.0,1
4822,90,WITHDRAWAL,361.0,4733.0,2
4824,239,WITHDRAWAL,20500.0,26495.0,2
4827,441,WITHDRAWAL,22300.0,25341.0,2
4829,319,WITHDRAWAL,30.0,5230.0,2
4849,68,WITHDRAWAL,61.0,198.0,2
4851,67,WITHDRAWAL,6393.0,49193.0,3
4865,319,WITHDRAWAL,6149.5,26965.5,6
4866,319,WITHDRAWAL,1057.0,26073.0,3
4868,67,WITHDRAWAL,8100.0,8100.0,1
4876,485,WITHDRAWAL,100.0,100.0,1
4918,319,WITHDRAWAL,3300.0,12702.5,4
4927,68,WITHDRAWAL,137.0,137.0,1
4931,90,WITHDRAWAL,361.0,4733.0,2
4932,90,WITHDRAWAL,14.6,14.6,1
4939,47,WITHDRAWAL,6600.0,6915.0,3
4952,485,WITHDRAWAL,1591.0,1591.0,1
4963,485,WITHDRAWAL,3572.0,5163.0,2
4977,441,WITHDRAWAL,28700.0,28700.0,1
4998,485,WITHDRAWAL,3572.0,5163.0,2
5003,378,WITHDRAWAL,2.0,8539.0,2
5029,68,WITHDRAWAL,1500.0,2686.0,2
5045,378,WITHDRAWAL,3840.2,3840.2,1
5047,319,WITHDRAWAL,416.0,11216.0,2
5053,239,WITHDRAWAL,1042.0,1194.0,2
5061,239,WITHDRAWAL,152.0,152.0,1
5062,239,WITHDRAWAL,5995.0,7189.0,3
5070,239,WITHDRAWAL,2400.0,2400.0,1
5090,68,WITHDRAWAL,2400.0,6900.0,2
5091,90,WITHDRAWAL,2375.0,24310.0,4
5118,319,WITHDRAWAL,8100.0,26216.0,3
5210,90,WITHDRAWAL,13200.0,13200.0,1
5215,319,WITHDRAWAL,1057.0,1473.0,2
5229,67,WITHDRAWAL,40700.0,40700.0,1
5256,90,WITHDRAWAL,361.0,4733.0,2
5267,319,WITHDRAWAL,32500.0,32500.0,1
5272,67,WITHDRAWAL,14.6,14.6,1
5273,441,WITHDRAWAL,30.0,30.0,1
5289,47,WITHDRAWAL,9300.0,9300.0,1
5326,441,WITHDRAWAL,11000.0,11030.0,2
5381,47,WITHDRAWAL,8400.0,8400.0,1
5430,485,WITHDRAWAL,7421.0,12584.0,3
5442,239,WITHDRAWAL,30.0,19530.0,2
5448,90,WITHDRAWAL,14.6,14.6,1
5452,47,WITHDRAWAL,174.0,174.0,1
5466,290,WITHDRAWAL,2577.0,8504.0,3
5510,441,WITHDRAWAL,3041.0,14041.0,2
5521,47,WITHDRAWAL,174.0,174.0,1
5597,378,WITHDRAWAL,2.0,8539.0,2
5648,239,WITHDRAWAL,21500.0,21500.0,1
5665,90,WITHDRAWAL,361.0,4733.0,2
5706,68,WITHDRAWAL,61.0,198.0,2
5709,239,WITHDRAWAL,45200.0,45200.0,1
5725,319,WITHDRAWAL,2100.0,10596.0,3
5729,68,WITHDRAWAL,100.0,4000.0,2
5763,485,WITHDRAWAL,100.0,100.0,1
5785,290,WITHDRAWAL,2653.0,2653.0,1
5792,378,WITHDRAWAL,4.0,4.0,1
5845,378,WITHDRAWAL,1184.0,52263.2,5
5865,90,WITHDRAWAL,361.0,4733.0,2
5887,239,WITHDRAWAL,5995.0,7189.0,3
5888,378,WITHDRAWAL,2.0,43939.0,3
5890,90,WITHDRAWAL,4372.0,17732.0,3
5891,239,WITHDRAWAL,30.0,30.0,1
5910,67,WITHDRAWAL,6393.0,13308.0,2
5914,319,WITHDRAWAL,30.0,30.0,1
5950,485,WITHDRAWAL,100.0,100.0,1
5996,90,WITHDRAWAL,14200.0,18933.0,3
6013,290,WITHDRAWAL,38500.0,38500.0,1
6026,47,WITHDRAWAL,2700.0,2714.6,2
6044,319,WITHDRAWAL,30.0,30.0,1
6053,67,WITHDRAWAL,14.6,10914.6,2
6059,47,WITHDRAWAL,19200.0,19200.0,1
6084,378,WITHDRAWAL,4.0,4.0,1
6102,47,WITHDRAWAL,14.6,14.6,1
6115,485,WITHDRAWAL,100.0,4300.0,2
6161,319,WITHDRAWAL,416.0,416.0,1
6167,47,WITHDRAWAL,6940.0,6940.0,1
6190,67,WITHDRAWAL,6393.0,6393.0,1
6196,378,WITHDRAWAL,1184.0,67163.2,6
6233,239,WITHDRAWAL,4500.0,4530.0,2
6280,239,WITHDRAWAL,30.0,30.0,1
6299,239,WITHDRAWAL,152.0,152.0,1
6313,90,WITHDRAWAL,361.0,4733.0,2
6349,239,WITHDRAWAL,1042.0,1194.0,2
6360,319,WITHDRAWAL,1057.0,1473.0,2
6378,441,WITHDRAWAL,3041.0,3041.0,1
6386,67,WITHDRAWAL,6393.0,13308.0,2
6400,239,WITHDRAWAL,5995.0,55889.0,4
6458,90,WITHDRAWAL,4372.0,4372.0,1
6461,319,WITHDRAWAL,30.0,5530.0,2
6463,290,WITHDRAWAL,3274.0,5927.0,2
6509,90,WITHDRAWAL,2774.0,3135.0,2
6530,485,WITHDRAWAL,1591.0,1591.0,1
6568,47,WITHDRAWAL,14.6,14.6,1
6596,319,WITHDRAWAL,1057.0,7622.5,3
6774,378,WITHDRAWAL,8537.0,49877.2,3
6799,378,WITHDRAWAL,4.0,4.0,1
6839,485,WITHDRAWAL,100.0,100.0,1
6856,441,WITHDRAWAL,765.0,765.0,1
6905,47,WITHDRAWAL,141.0,315.0,2
6939,67,WITHDRAWAL,445.0,13753.0,3
6958,441,WITHDRAWAL,3041.0,3041.0,1
6978,485,WITHDRAWAL,3572.0,5163.0,2
6994,290,WITHDRAWAL,2577.0,8504.0,3
7007,441,WITHDRAWAL,3041.0,22141.0,3
7023,319,WITHDRAWAL,2196.0,11769.0,4
7024,485,WITHDRAWAL,100.0,100.0,1
7034,378,WITHDRAWAL,3000.0,3000.0,1
7036,90,WITHDRAWAL,2774.0,17335.0,3
7060,485,WITHDRAWAL,1591.0,1591.0,1
7071,441,WITHDRAWAL,3041.0,3041.0,1
7076,67,WITHDRAWAL,445.0,6838.0,2
7079,47,WITHDRAWAL,11800.0,52300.0,2
7129,68,WITHDRAWAL,137.0,137.0,1
7130,378,WITHDRAWAL,1184.0,27463.2,5
7134,47,WITHDRAWAL,3600.0,11414.6,3
7135,239,WITHDRAWAL,20100.0,20100.0,1
7158,485,WITHDRAWAL,100.0,100.0,1
7167,319,WITHDRAWAL,6149.5,6565.5,2
7170,68,WITHDRAWAL,33000.0,33198.0,3
7276,441,WITHDRAWAL,30.0,8730.0,2
7337,68,WITHDRAWAL,61.0,16698.0,3
7354,68,WITHDRAWAL,4400.0,4500.0,2
7382,90,WITHDRAWAL,1800.0,8054.6,4
7400,290,WITHDRAWAL,14.6,14.6,1
7412,441,WITHDRAWAL,3041.0,3041.0,1
7421,441,WITHDRAWAL,30.0,19430.0,2
7426,47,WITHDRAWAL,9.0,9649.0,3
7456,485,WITHDRAWAL,7421.0,12584.0,3
7459,67,WITHDRAWAL,8700.0,15538.0,3
7482,68,WITHDRAWAL,61.0,198.0,2
7496,485,WITHDRAWAL,7421.0,12584.0,3
7514,485,WITHDRAWAL,100.0,100.0,1
7546,239,WITHDRAWAL,30.0,30.0,1
7563,290,WITHDRAWAL,14.6,14.6,1
7564,290,WITHDRAWAL,3274.0,5927.0,2
7598,47,WITHDRAWAL,9.0,6949.0,2
7601,485,WITHDRAWAL,18900.0,18900.0,1
7605,68,WITHDRAWAL,61.0,11298.0,3
7645,239,WITHDRAWAL,30.0,3030.0,2
7652,319,WITHDRAWAL,2196.0,13718.5,5
7679,319,WITHDRAWAL,1800.0,29516.0,6
7692,90,WITHDRAWAL,11300.0,12020.0,2
7696,378,WITHDRAWAL,3840.2,41340.2,2
7718,485,WITHDRAWAL,1591.0,1591.0,1
7721,67,WITHDRAWAL,6393.0,13308.0,2
7752,68,WITHDRAWAL,11100.0,31500.0,3
7776,441,WITHDRAWAL,3041.0,3041.0,1
7789,239,WITHDRAWAL,5995.0,7189.0,3
7795,47,WITHDRAWAL,141.0,20015.0,3
7815,378,WITHDRAWAL,4.0,4.0,1
7830,441,WITHDRAWAL,18900.0,19665.0,2
7835,68,WITHDRAWAL,1705.0,1705.0,1
7847,47,WITHDRAWAL,6940.0,6940.0,1
7875,485,WITHDRAWAL,100.0,100.0,1
7940,47,WITHDRAWAL,6940.0,41340.0,2
7945,68,WITHDRAWAL,20900.0,20900.0,1
7996,441,WITHDRAWAL,63800.0,66841.0,2
7999,68,WITHDRAWAL,7500.0,7500.0,1
8008,47,WITHDRAWAL,141.0,315.0,2
8044,90,WITHDRAWAL,361.0,4733.0,2
8049,47,WITHDRAWAL,141.0,315.0,2
8070,441,WITHDRAWAL,3041.0,3041.0,1
8085,485,WITHDRAWAL,1591.0,1591.0,1
8094,67,WITHDRAWAL,445.0,13753.0,3
8111,239,WITHDRAWAL,152.0,152.0,1
8119,378,WITHDRAWAL,3840.2,14340.2,2
8120,68,WITHDRAWAL,11100.0,23700.0,2
8122,378,WITHDRAWAL,8537.0,35577.2,3
8143,290,WITHDRAWAL,3274.0,5927.0,2
8152,67,WITHDRAWAL,445.0,6838.0,2
8168,239,WITHDRAWAL,1000.0,6552.0,3
8176,47,WITHDRAWAL,14.6,14.6,1
8201,90,WITHDRAWAL,2400.0,2414.6,2
8272,239,WITHDRAWAL,5995.0,7189.0,3
8301,441,WITHDRAWAL,30.0,30.0,1
8305,90,WITHDRAWAL,14.6,14.6,1
8332,239,WITHDRAWAL,23200.0,30389.0,4
8351,319,WITHDRAWAL,12900.0,12900.0,1
8383,47,WITHDRAWAL,141.0,315.0,2
8500,319,WITHDRAWAL,6149.5,6565.5,2
8525,67,WITHDRAWAL,445.0,6838.0,2
8587,290,WITHDRAWAL,7800.0,7800.0,1
8597,68,WITHDRAWAL,1186.0,2891.0,2
8612,290,WITHDRAWAL,3274.0,5927.0,2
8632,47,WITHDRAWAL,141.0,315.0,2
8701,68,WITHDRAWAL,1705.0,1705.0,1
8737,319,WITHDRAWAL,5500.0,5500.0,1
8740,68,WITHDRAWAL,1186.0,2891.0,2
8747,47,WITHDRAWAL,9.0,6949.0,2
8761,47,WITHDRAWAL,14.6,14.6,1
8785,90,WITHDRAWAL,2774.0,13335.0,3
8790,67,WITHDRAWAL,14.6,14.6,1
8800,90,WITHDRAWAL,2774.0,3135.0,2
8822,239,WITHDRAWAL,152.0,152.0,1
8850,90,WITHDRAWAL,2774.0,4095.0,3
8864,90,WITHDRAWAL,4372.0,4372.0,1
8874,239,WITHDRAWAL,152.0,152.0,1
8876,290,WITHDRAWAL,12600.0,18527.0,3
8878,67,WITHDRAWAL,41400.0,41400.0,1
8910,67,WITHDRAWAL,25800.0,32638.0,3
8958,67,WITHDRAWAL,6915.0,6915.0,1
8964,67,WITHDRAWAL,445.0,39753.0,4
8983,67,WITHDRAWAL,445.0,6838.0,2
9035,239,WITHDRAWAL,30.0,30.0,1
9072,485,WITHDRAWAL,7421.0,12584.0,3
9152,47,WITHDRAWAL,9.0,6949.0,2
9179,67,WITHDRAWAL,12300.0,12314.6,2
9202,47,WITHDRAWAL,174.0,174.0,1
9279,90,WITHDRAWAL,25120.0,32055.0,3
9358,239,WITHDRAWAL,152.0,152.0,1
9366,319,WITHDRAWAL,416.0,416.0,1
9369,68,WITHDRAWAL,61.0,198.0,2
9412,485,WITHDRAWAL,100.0,100.0,1
9496,47,WITHDRAWAL,24200.0,24214.6,2
9499,47,WITHDRAWAL,174.0,174.0,1
9500,441,WITHDRAWAL,765.0,765.0,1
9523,290,WITHDRAWAL,14.6,14.6,1
9544,239,WITHDRAWAL,5995.0,7189.0,3
9585,47,WITHDRAWAL,2700.0,2841.0,2
9587,68,WITHDRAWAL,1186.0,24591.0,3
9627,47,WITHDRAWAL,12600.0,12614.6,2
9635,378,WITHDRAWAL,3500.0,3514.6,2
9652,67,WITHDRAWAL,15400.0,21400.0,2
9704,47,WITHDRAWAL,6940.0,45340.0,2
9798,90,WITHDRAWAL,361.0,4733.0,2
9833,68,WITHDRAWAL,4200.0,37298.0,6
9842,441,WITHDRAWAL,3041.0,3041.0,1
9874,290,WITHDRAWAL,11100.0,11114.6,2
9882,68,WITHDRAWAL,1186.0,2891.0,2
9942,485,WITHDRAWAL,3572.0,5163.0,2
9960,441,WITHDRAWAL,25400.0,25400.0,1
9965,378,WITHDRAWAL,1184.0,36763.2,5
10008,67,WITHDRAWAL,6393.0,17793.0,2
10044,47,WITHDRAWAL,14.6,14.6,1
10075,67,WITHDRAWAL,445.0,34053.0,4
10102,68,WITHDRAWAL,137.0,137.0,1
10104,90,WITHDRAWAL,2375.0,5510.0,3
10106,290,WITHDRAWAL,3274.0,5927.0,2
10141,485,WITHDRAWAL,100.0,100.0,1
10166,485,WITHDRAWAL,7500.0,7500.0,1
10228,239,WITHDRAWAL,5995.0,7189.0,3
10233,67,WITHDRAWAL,8700.0,8700.0,1
10241,485,WITHDRAWAL,100.0,100.0,1
10344,239,WITHDRAWAL,1042.0,1194.0,2
10396,290,WITHDRAWAL,2200.0,2200.0,1
10415,47,WITHDRAWAL,12200.0,12515.0,3
10428,485,WITHDRAWAL,1591.0,1591.0,1
10499,68,WITHDRAWAL,1705.0,26005.0,2
10514,441,WITHDRAWAL,6300.0,12900.0,2
10519,47,WITHDRAWAL,14.6,14.6,1
10569,441,WITHDRAWAL,3041.0,3041.0,1
10595,319,WITHDRAWAL,2196.0,9818.5,4
10675,239,WITHDRAWAL,30.0,30.0,1
10688,47,WITHDRAWAL,6940.0,6940.0,1
10716,68,WITHDRAWAL,1186.0,41591.0,3
10719,47,WITHDRAWAL,14.6,14.6,1
10731,90,WITHDRAWAL,2375.0,5510.0,3
10740,290,WITHDRAWAL,14.6,11714.6,3
10784,290,WITHDRAWAL,2653.0,2653.0,1
10791,485,WITHDRAWAL,7421.0,12584.0,3
10807,441,WITHDRAWAL,30.0,30.0,1
10819,67,WITHDRAWAL,15900.0,22738.0,3
10839,441,WITHDRAWAL,30.0,30.0,1
10864,290,WITHDRAWAL,3274.0,5927.0,2
10870,319,WITHDRAWAL,1057.0,7622.5,3
10888,441,WITHDRAWAL,30.0,30.0,1
10891,485,WITHDRAWAL,3572.0,5163.0,2
10923,378,WITHDRAWAL,1184.0,13563.2,4
10946,485,WITHDRAWAL,7421.0,12584.0,3
10960,319,WITHDRAWAL,7900.0,7900.0,1
10967,319,WITHDRAWAL,30.0,30.0,1
11015,319,WITHDRAWAL,416.0,416.0,1
11018,67,WITHDRAWAL,445.0,13753.0,3
11089,68,WITHDRAWAL,61.0,198.0,2
11115,68,WITHDRAWAL,10800.0,10998.0,3
11116,319,WITHDRAWAL,1057.0,4973.0,3
11138,47,WITHDRAWAL,174.0,174.0,1
11186,290,WITHDRAWAL,9300.0,9300.0,1
11199,90,WITHDRAWAL,2375.0,5510.0,3
11209,290,WITHDRAWAL,2577.0,8504.0,3
11217,319,WITHDRAWAL,2196.0,131218.5,6
11245,441,WITHDRAWAL,765.0,45065.0,2
11264,67,WITHDRAWAL,14.6,14.6,1
11270,485,WITHDRAWAL,5700.0,16500.0,2
11289,47,WITHDRAWAL,141.0,315.0,2
11290,68,WITHDRAWAL,1186.0,2891.0,2
11308,441,WITHDRAWAL,2100.0,20530.0,4
11319,441,WITHDRAWAL,3900.0,3900.0,1
11321,239,WITHDRAWAL,5995.0,7189.0,3
11366,47,WITHDRAWAL,9.0,6949.0,2
11417,67,WITHDRAWAL,6393.0,6393.0,1
11421,319,WITHDRAWAL,5800.0,5830.0,2
11498,90,WITHDRAWAL,14.6,14.6,1
11537,485,WITHDRAWAL,100.0,56700.0,2
11538,68,WITHDRAWAL,1186.0,2891.0,2
11577,90,WITHDRAWAL,960.0,3335.0,2
11606,441,WITHDRAWAL,54000.0,61541.0,3
11609,239,WITHDRAWAL,30.0,30.0,1
11617,378,WITHDRAWAL,3300.0,3300.0,1
11620,441,WITHDRAWAL,3900.0,40200.0,5
11621,319,WITHDRAWAL,2196.0,9818.5,4
11656,378,WITHDRAWAL,2.0,49539.0,3
11668,441,WITHDRAWAL,30.0,30.0,1
11686,290,WITHDRAWAL,2653.0,2653.0,1
11748,239,WITHDRAWAL,21900.0,21900.0,1
11757,67,WITHDRAWAL,14.6,14.6,1
11798,239,WITHDRAWAL,18300.0,25337.0,3
11858,90,WITHDRAWAL,2375.0,20070.0,4
11913,485,WITHDRAWAL,3572.0,5163.0,2
11929,67,WITHDRAWAL,6915.0,38415.0,2
11939,378,WITHDRAWAL,1184.0,20663.2,5
11946,485,WITHDRAWAL,6300.0,10800.0,2
11958,485,WITHDRAWAL,3572.0,5163.0,2
11984,319,WITHDRAWAL,9900.0,9900.0,1
12007,239,WITHDRAWAL,5995.0,7189.0,3
12017,47,WITHDRAWAL,6940.0,6940.0,1
12039,90,WITHDRAWAL,9900.0,9900.0,1
12045,441,WITHDRAWAL,3600.0,11430.0,3
12127,68,WITHDRAWAL,100.0,100.0,1
12159,68,WITHDRAWAL,3900.0,4098.0,3
12181,319,WITHDRAWAL,30.0,30.0,1
12203,239,WITHDRAWAL,19300.0,19300.0,1
12226,68,WITHDRAWAL,1186.0,2891.0,2
12290,485,WITHDRAWAL,7421.0,12584.0,3
12314,485,WITHDRAWAL,3572.0,16063.0,3
12316,68,WITHDRAWAL,4200.0,4200.0,1
12317,441,WITHDRAWAL,3041.0,3041.0,1
12328,239,WITHDRAWAL,29500.0,29500.0,1
12350,239,WITHDRAWAL,5995.0,10789.0,4
12362,239,WITHDRAWAL,18300.0,18300.0,1
12376,68,WITHDRAWAL,9600.0,9798.0,3
12388,47,WITHDRAWAL,3900.0,20400.0,2
12389,485,WITHDRAWAL,3572.0,5163.0,2
12445,441,WITHDRAWAL,3041.0,3041.0,1
12463,290,WITHDRAWAL,14.6,14.6,1
12468,441,WITHDRAWAL,42400.0,45441.0,2
12484,319,WITHDRAWAL,6149.5,6565.5,2
12485,441,WITHDRAWAL,4800.0,18300.0,4
12525,441,WITHDRAWAL,35500.0,38541.0,2
12550,67,WITHDRAWAL,19500.0,19945.0,2
12603,68,WITHDRAWAL,1186.0,2891.0,2
12609,67,WITHDRAWAL,445.0,13753.0,3
12641,378,WITHDRAWAL,1184.0,9723.0,3
12656,441,WITHDRAWAL,765.0,25465.0,2
12706,68,WITHDRAWAL,1705.0,1705.0,1
12714,485,WITHDRAWAL,11100.0,11100.0,1
12715,68,WITHDRAWAL,1186.0,2891.0,2
12739,378,WITHDRAWAL,4.0,4.0,1
12885,47,WITHDRAWAL,14.6,14.6,1
12901,68,WITHDRAWAL,1705.0,12805.0,2
12904,90,WITHDRAWAL,2375.0,5510.0,3
12918,319,WITHDRAWAL,1057.0,1473.0,2
12930,90,WITHDRAWAL,4372.0,20572.0,2
12938,47,WITHDRAWAL,26200.0,33149.0,3
13031,67,WITHDRAWAL,6915.0,6915.0,1
13040,378,WITHDRAWAL,4.0,4.0,1
13075,485,WITHDRAWAL,1591.0,1591.0,1
13089,47,WITHDRAWAL,6940.0,6940.0,1
13100,441,WITHDRAWAL,28400.0,31441.0,2
13123,90,WITHDRAWAL,4372.0,4372.0,1
13127,485,WITHDRAWAL,3572.0,5163.0,2
13144,68,WITHDRAWAL,1705.0,32805.0,2
13278,90,WITHDRAWAL,361.0,4733.0,2
13332,319,WITHDRAWAL,2196.0,9818.5,4
13335,290,WITHDRAWAL,14700.0,14700.0,1
13351,378,WITHDRAWAL,1184.0,9723.0,3
13365,47,WITHDRAWAL,141.0,315.0,2
13384,90,WITHDRAWAL,13800.0,13800.0,1
13398,485,WITHDRAWAL,14400.0,25393.0,3
13433,441,WITHDRAWAL,30.0,2130.0,2
13445,68,WITHDRAWAL,137.0,637.0,2
13481,378,WITHDRAWAL,3840.2,3840.2,1
13497,290,WITHDRAWAL,10800.0,19304.0,4
13509,47,WITHDRAWAL,23200.0,23200.0,1
13511,67,WITHDRAWAL,7500.0,7514.6,2
13533,47,WITHDRAWAL,9.0,6949.0,2
13536,68,WITHDRAWAL,19100.0,19100.0,1
13559,441,WITHDRAWAL,765.0,765.0,1
13598,485,WITHDRAWAL,100.0,8500.0,2
13619,239,WITHDRAWAL,152.0,152.0,1
13620,441,WITHDRAWAL,62300.0,65341.0,2
13653,319,WITHDRAWAL,32200.0,57630.0,3
13705,47,WITHDRAWAL,141.0,3915.0,3
13731,90,WITHDRAWAL,361.0,4733.0,2
13789,290,WITHDRAWAL,2000.0,2000.0,1
13790,47,WITHDRAWAL,63300.0,63300.0,1
13819,67,WITHDRAWAL,7600.0,24814.6,3
13823,441,WITHDRAWAL,13400.0,13400.0,1
13825,239,WITHDRAWAL,152.0,152.0,1
13848,485,WITHDRAWAL,3900.0,3900.0,1
13864,67,WITHDRAWAL,14.6,5414.6,2
13873,290,WITHDRAWAL,2577.0,24104.0,5
13894,47,WITHDRAWAL,4500.0,4514.6,2
13941,441,WITHDRAWAL,30.0,13830.0,2
13956,485,WITHDRAWAL,35000.0,35000.0,1
13976,239,WITHDRAWAL,152.0,152.0,1
14001,90,WITHDRAWAL,2774.0,3135.0,2
14003,239,WITHDRAWAL,14100.0,50537.0,4
14042,47,WITHDRAWAL,5100.0,16200.0,3
14049,90,WITHDRAWAL,361.0,4733.0,2
14076,485,WITHDRAWAL,3572.0,5163.0,2
14085,67,WITHDRAWAL,5600.0,5614.6,2
14107,90,WITHDRAWAL,4372.0,17772.0,2
14109,90,WITHDRAWAL,14.6,2174.6,2
14110,290,WITHDRAWAL,14.6,14.6,1
14113,47,WITHDRAWAL,14.6,14.6,1
14130,441,WITHDRAWAL,30.0,30.0,1
14200,47,WITHDRAWAL,14.6,14.6,1
14212,47,WITHDRAWAL,2700.0,2700.0,1
14285,68,WITHDRAWAL,100.0,100.0,1
14289,239,WITHDRAWAL,22500.0,29537.0,3
14301,378,WITHDRAWAL,8537.0,14777.2,3
14309,47,WITHDRAWAL,6940.0,9640.0,2
14316,290,WITHDRAWAL,14.6,14.6,1
14321,67,WITHDRAWAL,6915.0,6915.0,1
14334,47,WITHDRAWAL,3000.0,15914.6,3
14360,378,WITHDRAWAL,23200.0,23204.0,2
14388,90,WITHDRAWAL,2375.0,5510.0,3
14406,90,WITHDRAWAL,3360.0,3360.0,1
14418,47,WITHDRAWAL,6940.0,6940.0,1
14454,90,WITHDRAWAL,2774.0,27035.0,3
14496,47,WITHDRAWAL,6940.0,6940.0,1
14505,239,WITHDRAWAL,30.0,30.0,1
14514,90,WITHDRAWAL,720.0,720.0,1
14543,290,WITHDRAWAL,3274.0,5927.0,2
14567,239,WITHDRAWAL,5700.0,24000.0,2
14580,90,WITHDRAWAL,4160.0,4160.0,1
14604,68,WITHDRAWAL,20300.0,20300.0,1
14611,485,WITHDRAWAL,3300.0,27300.0,2
14621,47,WITHDRAWAL,174.0,174.0,1
14647,485,WITHDRAWAL,1591.0,1591.0,1
14676,239,WITHDRAWAL,5995.0,7189.0,3
14705,67,WITHDRAWAL,20800.0,36238.0,4
14730,47,WITHDRAWAL,14.6,21814.6,2
14738,239,WITHDRAWAL,30.0,30.0,1
14774,68,WITHDRAWAL,1705.0,28705.0,2
14781,90,WITHDRAWAL,2375.0,5510.0,3
14785,485,WITHDRAWAL,3572.0,5163.0,2
14797,441,WITHDRAWAL,36100.0,36100.0,1
14798,485,WITHDRAWAL,7421.0,12584.0,3
14851,485,WITHDRAWAL,3572.0,22963.0,3
14862,47,WITHDRAWAL,6940.0,6940.0,1
14887,378,WITHDRAWAL,8537.0,8537.0,1
14920,485,WITHDRAWAL,3572.0,5163.0,2
14924,90,WITHDRAWAL,13000.0,13000.0,1
14945,90,WITHDRAWAL,2375.0,5510.0,3
14967,485,WITHDRAWAL,3572.0,5163.0,2
15019,485,WITHDRAWAL,7421.0,44784.0,4
15034,90,WITHDRAWAL,2774.0,7095.0,3
15055,239,WITHDRAWAL,30.0,8730.0,2
15086,378,WITHDRAWAL,54900.0,54900.0,1
15128,47,WITHDRAWAL,9.0,34849.0,3
15143,47,WITHDRAWAL,12800.0,12800.0,1
15181,239,WITHDRAWAL,1042.0,1194.0,2
15195,485,WITHDRAWAL,7800.0,35600.0,2
15207,290,WITHDRAWAL,16500.0,16514.6,2
15239,485,WITHDRAWAL,100.0,100.0,1
15255,68,WITHDRAWAL,24300.0,24498.0,3
15273,441,WITHDRAWAL,10900.0,10930.0,2
15282,67,WITHDRAWAL,4700.0,4700.0,1
15283,290,WITHDRAWAL,2653.0,18253.0,3
15315,67,WITHDRAWAL,6915.0,27615.0,2
15345,441,WITHDRAWAL,14700.0,23000.0,2
15352,441,WITHDRAWAL,3041.0,3041.0,1
15361,90,WITHDRAWAL,14.6,14.6,1
15466,239,WITHDRAWAL,5995.0,7189.0,3
15478,485,WITHDRAWAL,100.0,100.0,1
15480,319,WITHDRAWAL,416.0,13616.0,2
15497,67,WITHDRAWAL,3900.0,3900.0,1
15502,290,WITHDRAWAL,14.6,8314.6,2
15505,239,WITHDRAWAL,30.0,30.0,1
15563,441,WITHDRAWAL,30.0,46230.0,2
15571,290,WITHDRAWAL,2653.0,2653.0,1
15575,485,WITHDRAWAL,5400.0,5400.0,1
15582,441,WITHDRAWAL,2100.0,7530.0,3
15591,441,WITHDRAWAL,3041.0,3041.0,1
15647,90,WITHDRAWAL,11200.0,15572.0,2
15778,68,WITHDRAWAL,61.0,26498.0,3
15779,47,WITHDRAWAL,5400.0,18174.0,3
15796,485,WITHDRAWAL,1591.0,1591.0,1
15807,441,WITHDRAWAL,18400.0,81165.0,4
15815,239,WITHDRAWAL,1042.0,1194.0,2
15828,67,WITHDRAWAL,445.0,13753.0,3
15868,90,WITHDRAWAL,20200.0,21640.0,2
15892,319,WITHDRAWAL,10500.0,43000.0,2
15960,441,WITHDRAWAL,765.0,765.0,1
15967,378,WITHDRAWAL,3840.2,3840.2,1
16052,239,WITHDRAWAL,15200.0,15200.0,1
16059,290,WITHDRAWAL,2653.0,2653.0,1
16069,485,WITHDRAWAL,34500.0,34500.0,1
16072,47,WITHDRAWAL,174.0,2074.0,2
16075,485,WITHDRAWAL,700.0,700.0,1
16079,90,WITHDRAWAL,10200.0,14572.0,2
16096,485,WITHDRAWAL,100.0,100.0,1
16099,290,WITHDRAWAL,14.6,14.6,1
16100,68,WITHDRAWAL,28200.0,29905.0,2
16235,378,WITHDRAWAL,8537.0,22877.2,3
16249,485,WITHDRAWAL,7421.0,12584.0,3
16319,485,WITHDRAWAL,3572.0,13863.0,3
16381,485,WITHDRAWAL,7421.0,12584.0,3
16382,68,WITHDRAWAL,100.0,100.0,1
16389,290,WITHDRAWAL,3274.0,5927.0,2
16396,441,WITHDRAWAL,30.0,30.0,1
16412,239,WITHDRAWAL,5995.0,7189.0,3
16432,67,WITHDRAWAL,14.6,14.6,1
16478,319,WITHDRAWAL,2196.0,9818.5,4
16521,441,WITHDRAWAL,12700.0,12700.0,1
16545,90,WITHDRAWAL,4372.0,4372.0,1
16550,239,WITHDRAWAL,1042.0,1194.0,2
16552,90,WITHDRAWAL,14.6,14514.6,2
16553,90,WITHDRAWAL,14.6,5054.6,2
16557,290,WITHDRAWAL,2653.0,2653.0,1
16576,485,WITHDRAWAL,7421.0,12584.0,3
16603,441,WITHDRAWAL,3041.0,3041.0,1
16637,68,WITHDRAWAL,1705.0,11905.0,3
16648,67,WITHDRAWAL,6393.0,6393.0,1
16663,319,WITHDRAWAL,1057.0,13073.0,3
16710,68,WITHDRAWAL,61.0,198.0,2
16777,67,WITHDRAWAL,6915.0,6915.0,1
16792,67,WITHDRAWAL,32000.0,32000.0,1
16813,47,WITHDRAWAL,6940.0,6940.0,1
16815,485,WITHDRAWAL,100.0,100.0,1
16893,68,WITHDRAWAL,1186.0,2891.0,2
16924,67,WITHDRAWAL,14.6,5814.6,2
16942,441,WITHDRAWAL,30.0,30.0,1
17028,90,WITHDRAWAL,2400.0,18480.0,4
17040,239,WITHDRAWAL,152.0,152.0,1
17062,67,WITHDRAWAL,5700.0,5700.0,1
17071,239,WITHDRAWAL,1042.0,1194.0,2
17086,239,WITHDRAWAL,1042.0,5694.0,3
17129,68,WITHDRAWAL,24100.0,25286.0,2
17134,441,WITHDRAWAL,30.0,2830.0,2
17188,90,WITHDRAWAL,2375.0,5510.0,3
17215,485,WITHDRAWAL,4200.0,4200.0,1
17272,68,WITHDRAWAL,12900.0,13000.0,2
17301,68,WITHDRAWAL,100.0,100.0,1
17348,441,WITHDRAWAL,23300.0,23300.0,1
17361,239,WITHDRAWAL,152.0,152.0,1
17366,90,WITHDRAWAL,361.0,4733.0,2
17401,47,WITHDRAWAL,21600.0,21600.0,1
17404,68,WITHDRAWAL,1186.0,2891.0,2
17426,68,WITHDRAWAL,137.0,27037.0,2
17473,90,WITHDRAWAL,4372.0,4372.0,1
17552,378,WITHDRAWAL,7800.0,7804.0,2
17560,441,WITHDRAWAL,3041.0,3041.0,1
17637,441,WITHDRAWAL,765.0,29465.0,2
17716,68,WITHDRAWAL,100.0,100.0,1
17734,68,WITHDRAWAL,61000.0,62705.0,2
17757,319,WITHDRAWAL,30.0,30.0,1
17782,239,WITHDRAWAL,30.0,30.0,1
17787,67,WITHDRAWAL,28200.0,35038.0,3
17794,485,WITHDRAWAL,5400.0,17984.0,4
17795,90,WITHDRAWAL,2375.0,16710.0,4
17810,67,WITHDRAWAL,6915.0,6915.0,1
17840,47,WITHDRAWAL,174.0,174.0,1
17849,90,WITHDRAWAL,2774.0,3135.0,2
17851,67,WITHDRAWAL,25300.0,25300.0,1
17856,290,WITHDRAWAL,2653.0,11453.0,3
17871,485,WITHDRAWAL,1800.0,60700.0,2
17874,485,WITHDRAWAL,1591.0,1591.0,1
17891,67,WITHDRAWAL,36800.0,36800.0,1
17937,319,WITHDRAWAL,416.0,9416.0,2
17949,485,WITHDRAWAL,3572.0,5163.0,2
17951,485,WITHDRAWAL,100.0,3400.0,2
17959,290,WITHDRAWAL,14.6,14.6,1
17983,239,WITHDRAWAL,1042.0,1194.0,2
17989,90,WITHDRAWAL,14.6,11314.6,2
17990,90,WITHDRAWAL,13000.0,17372.0,2
17991,47,WITHDRAWAL,5600.0,5600.0,1
18010,485,WITHDRAWAL,100.0,100.0,1
18035,290,WITHDRAWAL,2653.0,14653.0,2
18133,47,WITHDRAWAL,6940.0,40640.0,2
18167,485,WITHDRAWAL,100.0,100.0,1
18196,485,WITHDRAWAL,1591.0,31591.0,2
18199,90,WITHDRAWAL,18800.0,23172.0,2
18305,441,WITHDRAWAL,8100.0,8130.0,2
18394,47,WITHDRAWAL,14.6,14.6,1
18414,47,WITHDRAWAL,14.6,14.6,1
18447,441,WITHDRAWAL,765.0,765.0,1
18461,441,WITHDRAWAL,3041.0,28141.0,2
18466,90,WITHDRAWAL,14.6,14.6,1
18494,67,WITHDRAWAL,5900.0,5914.6,2
18495,319,WITHDRAWAL,30.0,30.0,1
18526,239,WITHDRAWAL,152.0,152.0,1
18560,239,WITHDRAWAL,30.0,30.0,1
18579,68,WITHDRAWAL,3600.0,13098.0,5
18611,239,WITHDRAWAL,1042.0,30594.0,3
18624,378,WITHDRAWAL,3840.2,3840.2,1
18649,319,WITHDRAWAL,6149.5,6565.5,2
18669,47,WITHDRAWAL,174.0,174.0,1
18677,90,WITHDRAWAL,14.6,14.6,1
18678,239,WITHDRAWAL,62300.0,68295.0,2
18706,90,WITHDRAWAL,2774.0,3135.0,2
18723,485,WITHDRAWAL,16900.0,17000.0,2
18735,67,WITHDRAWAL,6393.0,13308.0,2
18747,47,WITHDRAWAL,16200.0,27049.0,4
18750,239,WITHDRAWAL,152.0,152.0,1
18762,47,WITHDRAWAL,174.0,26574.0,2
18845,485,WITHDRAWAL,25400.0,25400.0,1
18846,319,WITHDRAWAL,24600.0,34916.0,3
18886,485,WITHDRAWAL,32200.0,32300.0,2
18904,47,WITHDRAWAL,174.0,174.0,1
18912,90,WITHDRAWAL,2880.0,6215.0,3
18953,90,WITHDRAWAL,840.0,854.6,2
18988,378,WITHDRAWAL,26300.0,89200.0,3
18994,47,WITHDRAWAL,174.0,174.0,1
19034,441,WITHDRAWAL,3041.0,3041.0,1
19045,90,WITHDRAWAL,2375.0,5510.0,3
19046,441,WITHDRAWAL,4400.0,4430.0,2
19094,290,WITHDRAWAL,2653.0,2653.0,1
19103,441,WITHDRAWAL,20300.0,20330.0,2
19137,239,WITHDRAWAL,30.0,30.0,1
19161,319,WITHDRAWAL,2700.0,4173.0,3
19168,319,WITHDRAWAL,1057.0,1473.0,2
19206,90,WITHDRAWAL,13600.0,13600.0,1
19219,90,WITHDRAWAL,4372.0,4372.0,1
19231,378,WITHDRAWAL,14.6,3814.6,2
19276,47,WITHDRAWAL,9.0,10849.0,3
19307,319,WITHDRAWAL,2196.0,3669.0,3
19312,290,WITHDRAWAL,2577.0,8504.0,3
19321,47,WITHDRAWAL,9.0,6949.0,2
19350,290,WITHDRAWAL,14.6,14.6,1
19362,485,WITHDRAWAL,3000.0,19393.0,4
19363,319,WITHDRAWAL,2196.0,3669.0,3
19386,90,WITHDRAWAL,10100.0,10100.0,1
19390,485,WITHDRAWAL,8900.0,8900.0,1
19417,68,WITHDRAWAL,61.0,198.0,2
19429,67,WITHDRAWAL,12900.0,12900.0,1
19474,239,WITHDRAWAL,152.0,152.0,1
19502,47,WITHDRAWAL,25200.0,25200.0,1
19536,290,WITHDRAWAL,3274.0,5927.0,2
19607,378,WITHDRAWAL,8537.0,8537.0,1
19646,67,WITHDRAWAL,445.0,6838.0,2
19648,290,WITHDRAWAL,14100.0,14100.0,1
19738,67,WITHDRAWAL,445.0,35353.0,5
19740,239,WITHDRAWAL,30.0,24030.0,3
19745,485,WITHDRAWAL,100.0,100.0,1
19766,441,WITHDRAWAL,765.0,765.0,1
19768,378,WITHDRAWAL,1184.0,13563.2,4
19773,239,WITHDRAWAL,5995.0,7189.0,3
19791,68,WITHDRAWAL,8100.0,8100.0,1
19805,378,WITHDRAWAL,4200.0,4200.0,1
19834,290,WITHDRAWAL,2500.0,2500.0,1
19849,47,WITHDRAWAL,6940.0,6940.0,1
19902,68,WITHDRAWAL,61.0,18798.0,3
19904,68,WITHDRAWAL,137.0,13037.0,2
19936,67,WITHDRAWAL,6900.0,6900.0,1
19961,239,WITHDRAWAL,30.0,19530.0,2
20046,67,WITHDRAWAL,8600.0,14993.0,2
20058,441,WITHDRAWAL,3041.0,10541.0,3
20125,485,WITHDRAWAL,6300.0,14700.0,2
20127,67,WITHDRAWAL,6700.0,6700.0,1
20157,378,WITHDRAWAL,3000.0,3000.0,1
20183,239,WITHDRAWAL,152.0,152.0,1
20193,239,WITHDRAWAL,30.0,30.0,1
20213,378,WITHDRAWAL,2.0,35579.2,4
20269,47,WITHDRAWAL,174.0,2874.0,2
20278,68,WITHDRAWAL,1186.0,40091.0,3
20281,47,WITHDRAWAL,174.0,174.0,1
20293,90,WITHDRAWAL,19100.0,19100.0,1
20303,67,WITHDRAWAL,6393.0,13308.0,2
20381,485,WITHDRAWAL,6900.0,6900.0,1
20401,485,WITHDRAWAL,3572.0,5163.0,2
20423,47,WITHDRAWAL,37700.0,44649.0,3
20448,378,WITHDRAWAL,4.0,4.0,1
20456,47,WITHDRAWAL,174.0,174.0,1
20512,441,WITHDRAWAL,8100.0,11141.0,2
20553,90,WITHDRAWAL,2774.0,3135.0,2
20554,68,WITHDRAWAL,1705.0,1705.0,1
20564,239,WITHDRAWAL,152.0,152.0,1
20568,319,WITHDRAWAL,30.0,30.0,1
20625,67,WITHDRAWAL,445.0,28838.0,3
20711,319,WITHDRAWAL,30.0,21030.0,3
20744,239,WITHDRAWAL,15000.0,15152.0,2
20762,441,WITHDRAWAL,56700.0,74641.0,3
20791,290,WITHDRAWAL,3274.0,14727.0,4
20827,47,WITHDRAWAL,6940.0,6940.0,1
20875,441,WITHDRAWAL,3041.0,3041.0,1
20877,90,WITHDRAWAL,1560.0,4320.0,2
20881,485,WITHDRAWAL,19500.0,32084.0,4
20949,441,WITHDRAWAL,30.0,30.0,1
20980,239,WITHDRAWAL,1042.0,1194.0,2
20981,47,WITHDRAWAL,27000.0,27009.0,2
21055,441,WITHDRAWAL,13200.0,16241.0,2
21082,47,WITHDRAWAL,141.0,6015.0,3
21089,441,WITHDRAWAL,3041.0,20341.0,2
21099,67,WITHDRAWAL,6915.0,6915.0,1
21120,67,WITHDRAWAL,445.0,13753.0,3
21135,290,WITHDRAWAL,3274.0,5927.0,2
21136,378,WITHDRAWAL,14.6,14.6,1
21151,378,WITHDRAWAL,22100.0,22100.0,1
21154,239,WITHDRAWAL,30.0,30.0,1
21163,485,WITHDRAWAL,100.0,100.0,1
21171,319,WITHDRAWAL,1057.0,1473.0,2
21193,67,WITHDRAWAL,21000.0,21000.0,1
21207,90,WITHDRAWAL,4372.0,4372.0,1
21208,290,WITHDRAWAL,2500.0,2500.0,1
21221,319,WITHDRAWAL,39600.0,59700.0,3
21237,68,WITHDRAWAL,1186.0,2891.0,2
21257,485,WITHDRAWAL,7421.0,12584.0,3
21284,68,WITHDRAWAL,1186.0,63891.0,3
21349,239,WITHDRAWAL,30.0,30.0,1
21385,67,WITHDRAWAL,445.0,13738.0,3
21387,68,WITHDRAWAL,1186.0,25091.0,3
21395,239,WITHDRAWAL,1042.0,8694.0,3
21412,68,WITHDRAWAL,100.0,100.0,1
21424,47,WITHDRAWAL,8500.0,8500.0,1
21439,319,WITHDRAWAL,2196.0,9818.5,4
21463,485,WITHDRAWAL,3572.0,5163.0,2
21543,441,WITHDRAWAL,30.0,5430.0,3
21563,68,WITHDRAWAL,1186.0,2891.0,2
21605,441,WITHDRAWAL,50300.0,53341.0,2
21672,319,WITHDRAWAL,1057.0,7622.5,3
21703,47,WITHDRAWAL,6940.0,6940.0,1
21710,441,WITHDRAWAL,8200.0,8200.0,1
21757,90,WITHDRAWAL,14.6,974.6,2
21763,290,WITHDRAWAL,42900.0,59114.6,3
21774,290,WITHDRAWAL,14.6,14.6,1
21786,378,WITHDRAWAL,16100.0,65979.2,5
21791,67,WITHDRAWAL,6915.0,6915.0,1
21796,47,WITHDRAWAL,27400.0,34349.0,3
21807,90,WITHDRAWAL,2640.0,14694.6,4
21814,47,WITHDRAWAL,14.6,33014.6,3
21829,90,WITHDRAWAL,13400.0,13400.0,1
21832,67,WITHDRAWAL,6393.0,13308.0,2
21878,485,WITHDRAWAL,7421.0,12584.0,3
21911,485,WITHDRAWAL,7421.0,23484.0,4
21934,239,WITHDRAWAL,30.0,30.0,1
21935,290,WITHDRAWAL,3274.0,5927.0,2
21940,47,WITHDRAWAL,174.0,174.0,1
21957,90,WITHDRAWAL,361.0,4733.0,2
21970,68,WITHDRAWAL,137.0,29037.0,2
22017,47,WITHDRAWAL,174.0,174.0,1
22025,239,WITHDRAWAL,152.0,12052.0,2
22089,290,WITHDRAWAL,9900.0,12477.0,2
22091,485,WITHDRAWAL,3572.0,5163.0,2
22101,485,WITHDRAWAL,7421.0,12584.0,3
22102,290,WITHDRAWAL,2577.0,10604.0,4
22113,441,WITHDRAWAL,765.0,765.0,1
22176,90,WITHDRAWAL,361.0,19293.0,3
22201,290,WITHDRAWAL,14.6,25014.6,2
22212,378,WITHDRAWAL,8537.0,12377.2,2
22248,378,WITHDRAWAL,35400.0,35404.0,2
22252,67,WITHDRAWAL,11400.0,11400.0,1
22257,47,WITHDRAWAL,4800.0,5115.0,3
22267,239,WITHDRAWAL,152.0,152.0,1
22281,319,WITHDRAWAL,2196.0,9818.5,4
22296,378,WITHDRAWAL,3840.2,27040.2,2
22316,67,WITHDRAWAL,6393.0,13308.0,2
22328,90,WITHDRAWAL,2375.0,5510.0,3
22346,68,WITHDRAWAL,100.0,100.0,1
22358,67,WITHDRAWAL,8300.0,8314.6,2
22434,68,WITHDRAWAL,1500.0,13405.0,4
22456,67,WITHDRAWAL,6393.0,6393.0,1
22471,68,WITHDRAWAL,1186.0,2891.0,2
22483,378,WITHDRAWAL,1184.0,24063.2,5
22490,319,WITHDRAWAL,25400.0,25400.0,1
22548,441,WITHDRAWAL,3041.0,3041.0,1
22552,485,WITHDRAWAL,7421.0,12584.0,3
22556,68,WITHDRAWAL,100.0,100.0,1
22568,290,WITHDRAWAL,3274.0,5927.0,2
22575,68,WITHDRAWAL,3300.0,3300.0,1
22618,47,WITHDRAWAL,9.0,42549.0,4
22628,68,WITHDRAWAL,1186.0,2891.0,2
22636,67,WITHDRAWAL,16800.0,21600.0,2
22641,441,WITHDRAWAL,2700.0,2700.0,1
22694,67,WITHDRAWAL,4500.0,33338.0,4
22720,485,WITHDRAWAL,100.0,100.0,1
22756,68,WITHDRAWAL,2100.0,10098.0,4
22806,239,WITHDRAWAL,30.0,30.0,1
22839,68,WITHDRAWAL,22200.0,23905.0,2
22868,290,WITHDRAWAL,2653.0,2653.0,1
22883,378,WITHDRAWAL,14.6,14.6,1
22900,290,WITHDRAWAL,2577.0,8504.0,3
22911,441,WITHDRAWAL,30.0,30.0,1
22913,319,WITHDRAWAL,6149.5,6565.5,2
22961,47,WITHDRAWAL,6940.0,6940.0,1
22997,90,WITHDRAWAL,2400.0,9229.0,4
23002,290,WITHDRAWAL,2577.0,8504.0,3
23081,485,WITHDRAWAL,100.0,25500.0,2
23091,378,WITHDRAWAL,8537.0,8537.0,1
23092,441,WITHDRAWAL,3041.0,3041.0,1
23109,485,WITHDRAWAL,1591.0,1591.0,1
23135,90,WITHDRAWAL,2375.0,5510.0,3
23144,290,WITHDRAWAL,2653.0,2653.0,1
23148,441,WITHDRAWAL,3041.0,3041.0,1
23204,290,WITHDRAWAL,2653.0,2653.0,1
23224,378,WITHDRAWAL,4.0,4.0,1
23240,68,WITHDRAWAL,137.0,21037.0,2
23242,239,WITHDRAWAL,1042.0,16194.0,3
23243,47,WITHDRAWAL,20700.0,20874.0,2
23272,67,WITHDRAWAL,6393.0,6393.0,1
23312,239,WITHDRAWAL,5995.0,7189.0,3
23350,290,WITHDRAWAL,3274.0,5927.0,2
23352,90,WITHDRAWAL,2375.0,5510.0,3
23384,485,WITHDRAWAL,1591.0,1591.0,1
23400,239,WITHDRAWAL,19500.0,19500.0,1
23401,290,WITHDRAWAL,14.6,14.6,1
23458,485,WITHDRAWAL,23100.0,58700.0,3
23469,290,WITHDRAWAL,14.6,14.6,1
23537,319,WITHDRAWAL,416.0,18116.0,2
23569,441,WITHDRAWAL,765.0,765.0,1
23573,47,WITHDRAWAL,6900.0,13849.0,3
23586,90,WITHDRAWAL,4372.0,4372.0,1
23595,319,WITHDRAWAL,30.0,30.0,1
23607,239,WITHDRAWAL,5995.0,7189.0,3
23611,68,WITHDRAWAL,137.0,137.0,1
23651,239,WITHDRAWAL,20100.0,20100.0,1
23684,290,WITHDRAWAL,8400.0,15600.0,2
23689,378,WITHDRAWAL,2.0,14779.2,4
23691,290,WITHDRAWAL,6000.0,14504.0,4
23718,47,WITHDRAWAL,9.0,6949.0,2
23754,47,WITHDRAWAL,6940.0,6940.0,1
23784,47,WITHDRAWAL,14.6,14.6,1
23838,290,WITHDRAWAL,700.0,9204.0,4
23866,290,WITHDRAWAL,3274.0,5927.0,2
23907,290,WITHDRAWAL,2577.0,8504.0,3
23959,90,WITHDRAWAL,14.6,14.6,1
23961,485,WITHDRAWAL,100.0,100.0,1
24038,47,WITHDRAWAL,9.0,6949.0,2
24057,90,WITHDRAWAL,15000.0,15000.0,1
24099,319,WITHDRAWAL,41800.0,41800.0,1
24114,239,WITHDRAWAL,30.0,30.0,1
24143,441,WITHDRAWAL,49200.0,52241.0,2
24151,319,WITHDRAWAL,6149.5,10465.5,3
24161,239,WITHDRAWAL,152.0,152.0,1
24202,47,WITHDRAWAL,6940.0,6940.0,1
24224,441,WITHDRAWAL,30.0,30.0,1
24228,47,WITHDRAWAL,9.0,11149.0,4
24267,378,WITHDRAWAL,5100.0,41400.0,2
24289,47,WITHDRAWAL,14.6,14.6,1
24298,485,WITHDRAWAL,100.0,100.0,1
24351,239,WITHDRAWAL,152.0,152.0,1
24352,67,WITHDRAWAL,6915.0,6915.0,1
24392,68,WITHDRAWAL,38700.0,40405.0,2
24411,68,WITHDRAWAL,23300.0,40898.0,6
24417,239,WITHDRAWAL,5995.0,7189.0,3
24428,68,WITHDRAWAL,23000.0,25891.0,3
24459,378,WITHDRAWAL,33800.0,33800.0,1
24519,68,WITHDRAWAL,100.0,9400.0,2
24530,485,WITHDRAWAL,1591.0,19391.0,2
24553,47,WITHDRAWAL,9.0,45349.0,3
24558,378,WITHDRAWAL,59000.0,68723.0,4
24600,319,WITHDRAWAL,1057.0,1473.0,2
24617,68,WITHDRAWAL,137.0,137.0,1
24661,290,WITHDRAWAL,2577.0,8504.0,3
24697,441,WITHDRAWAL,15900.0,15900.0,1
24705,378,WITHDRAWAL,14.6,3014.6,2
24775,319,WITHDRAWAL,9200.0,9230.0,2
24823,47,WITHDRAWAL,174.0,11574.0,3
24826,378,WITHDRAWAL,8537.0,12377.2,2
24853,68,WITHDRAWAL,31200.0,31200.0,1
24857,239,WITHDRAWAL,5400.0,5552.0,2
24911,47,WITHDRAWAL,174.0,174.0,1
24917,441,WITHDRAWAL,8700.0,8700.0,1
24932,67,WITHDRAWAL,6915.0,6915.0,1
24955,67,WITHDRAWAL,4800.0,4800.0,1
24982,485,WITHDRAWAL,3572.0,38563.0,4
25010,485,WITHDRAWAL,3572.0,5163.0,2
25011,319,WITHDRAWAL,30.0,4830.0,2
25060,485,WITHDRAWAL,56600.0,56600.0,1
25064,47,WITHDRAWAL,9.0,9049.0,3
25066,68,WITHDRAWAL,100.0,20400.0,2
25070,67,WITHDRAWAL,445.0,6838.0,2
25076,378,WITHDRAWAL,2.0,12379.2,3
25081,68,WITHDRAWAL,28600.0,30305.0,2
25156,47,WITHDRAWAL,141.0,315.0,2
25166,68,WITHDRAWAL,61.0,6198.0,3
25174,47,WITHDRAWAL,29900.0,29900.0,1
25187,47,WITHDRAWAL,9.0,6949.0,2
25198,90,WITHDRAWAL,4372.0,4372.0,1
25276,47,WITHDRAWAL,9.0,6949.0,2
25309,319,WITHDRAWAL,30.0,5830.0,2
25313,485,WITHDRAWAL,3572.0,5163.0,2
25339,290,WITHDRAWAL,3900.0,11700.0,2
25362,239,WITHDRAWAL,152.0,30452.0,2
25366,47,WITHDRAWAL,12900.0,12900.0,1
25374,441,WITHDRAWAL,39400.0,39400.0,1
25398,378,WITHDRAWAL,1184.0,13323.0,4
25403,485,WITHDRAWAL,100.0,4600.0,2
25411,68,WITHDRAWAL,137.0,137.0,1
25419,378,WITHDRAWAL,45200.0,45200.0,1
25477,67,WITHDRAWAL,7300.0,7300.0,1
25511,67,WITHDRAWAL,17200.0,17214.6,2
25515,47,WITHDRAWAL,9.0,6949.0,2
25531,485,WITHDRAWAL,3572.0,5163.0,2
25545,90,WITHDRAWAL,2375.0,5510.0,3
25556,290,WITHDRAWAL,3274.0,5927.0,2
25565,319,WITHDRAWAL,416.0,416.0,1
25585,67,WITHDRAWAL,8800.0,8800.0,1
25602,378,WITHDRAWAL,3600.0,12139.0,3
25603,485,WITHDRAWAL,1591.0,9391.0,2
25663,378,WITHDRAWAL,4.0,4.0,1
25668,90,WITHDRAWAL,4372.0,4372.0,1
25691,441,WITHDRAWAL,28000.0,28765.0,2
25711,68,WITHDRAWAL,1186.0,31391.0,3
25738,485,WITHDRAWAL,1591.0,1591.0,1
25745,90,WITHDRAWAL,4372.0,4372.0,1
25768,67,WITHDRAWAL,6393.0,13308.0,2
25801,485,WITHDRAWAL,3572.0,5163.0,2
25814,67,WITHDRAWAL,445.0,37938.0,3
25900,485,WITHDRAWAL,100.0,100.0,1
25953,378,WITHDRAWAL,62100.0,62100.0,1
26001,441,WITHDRAWAL,3041.0,3041.0,1
26043,485,WITHDRAWAL,4800.0,21584.0,5
26071,90,WITHDRAWAL,960.0,960.0,1
26082,239,WITHDRAWAL,1042.0,8394.0,3
26096,68,WITHDRAWAL,26900.0,27000.0,2
26152,378,WITHDRAWAL,1900.0,15463.2,5
26159,47,WITHDRAWAL,9.0,6949.0,2
26163,68,WITHDRAWAL,1705.0,1705.0,1
26171,485,WITHDRAWAL,8100.0,8100.0,1
26200,378,WITHDRAWAL,1184.0,9723.0,3
26205,319,WITHDRAWAL,416.0,26816.0,4
26212,485,WITHDRAWAL,1591.0,1591.0,1
26213,239,WITHDRAWAL,30.0,30.0,1
26220,47,WITHDRAWAL,14.6,14.6,1
26269,90,WITHDRAWAL,2375.0,22410.0,5
26282,47,WITHDRAWAL,6940.0,19840.0,4
26307,47,WITHDRAWAL,9.0,6949.0,2
26308,90,WITHDRAWAL,361.0,4733.0,2
26315,290,WITHDRAWAL,14.6,16214.6,2
26327,441,WITHDRAWAL,16200.0,16200.0,1
26335,441,WITHDRAWAL,61800.0,64841.0,2
26345,47,WITHDRAWAL,141.0,315.0,2
26449,485,WITHDRAWAL,8400.0,8400.0,1
26475,67,WITHDRAWAL,6915.0,32915.0,2
26487,290,WITHDRAWAL,14.6,14.6,1
26492,68,WITHDRAWAL,61.0,198.0,2
26501,441,WITHDRAWAL,30.0,30.0,1
26506,239,WITHDRAWAL,1042.0,1194.0,2
26513,47,WITHDRAWAL,14.6,15814.6,2
26520,47,WITHDRAWAL,174.0,174.0,1
26543,67,WITHDRAWAL,6393.0,6393.0,1
26547,47,WITHDRAWAL,21900.0,28849.0,3
26563,68,WITHDRAWAL,3000.0,3100.0,2
26582,47,WITHDRAWAL,14.6,14.6,1
26634,378,WITHDRAWAL,4.0,4.0,1
26643,68,WITHDRAWAL,6300.0,6300.0,1
26668,485,WITHDRAWAL,7421.0,36684.0,4
26702,485,WITHDRAWAL,3572.0,5163.0,2
26723,67,WITHDRAWAL,14.6,14.6,1
26753,441,WITHDRAWAL,30.0,30.0,1
26754,47,WITHDRAWAL,174.0,174.0,1
26787,68,WITHDRAWAL,100.0,100.0,1
26817,441,WITHDRAWAL,3041.0,3041.0,1
26853,485,WITHDRAWAL,7421.0,12584.0,3
26867,90,WITHDRAWAL,2774.0,3135.0,2
26914,68,WITHDRAWAL,100.0,100.0,1
27046,485,WITHDRAWAL,100.0,100.0,1
27051,485,WITHDRAWAL,3572.0,101063.0,4
27084,68,WITHDRAWAL,61.0,5898.0,3
27111,47,WITHDRAWAL,141.0,315.0,2
27112,485,WITHDRAWAL,100.0,7000.0,2
27114,378,WITHDRAWAL,14.6,14.6,1
27163,441,WITHDRAWAL,3041.0,3041.0,1
27200,90,WITHDRAWAL,2774.0,3135.0,2
27202,68,WITHDRAWAL,1800.0,3505.0,2
27203,378,WITHDRAWAL,28700.0,28700.0,1
27244,239,WITHDRAWAL,5995.0,7189.0,3
27264,290,WITHDRAWAL,32100.0,32100.0,1
27280,441,WITHDRAWAL,14700.0,15465.0,2
27298,239,WITHDRAWAL,1042.0,1194.0,2
27363,441,WITHDRAWAL,765.0,54765.0,2
27370,378,WITHDRAWAL,13900.0,26279.2,4
27404,90,WITHDRAWAL,2375.0,6470.0,4
27413,47,WITHDRAWAL,6940.0,6940.0,1
27423,290,WITHDRAWAL,3274.0,5927.0,2
27455,47,WITHDRAWAL,2100.0,2241.0,2
27475,67,WITHDRAWAL,8700.0,9145.0,2
27499,485,WITHDRAWAL,1591.0,1591.0,1
27504,290,WITHDRAWAL,2700.0,12700.0,2
27525,68,WITHDRAWAL,9300.0,9300.0,1
27546,90,WITHDRAWAL,14.6,14.6,1
27555,239,WITHDRAWAL,1042.0,1194.0,2
27576,239,WITHDRAWAL,5995.0,7189.0,3
27577,441,WITHDRAWAL,6300.0,6300.0,1
27589,239,WITHDRAWAL,5995.0,7189.0,3
27650,68,WITHDRAWAL,5700.0,10991.0,4
27762,485,WITHDRAWAL,100.0,100.0,1
27765,47,WITHDRAWAL,14.6,14.6,1
27848,290,WITHDRAWAL,3274.0,5927.0,2
27857,290,WITHDRAWAL,27500.0,27500.0,1
27871,47,WITHDRAWAL,14.6,14.6,1
27872,319,WITHDRAWAL,416.0,416.0,1
27895,90,WITHDRAWAL,14500.0,18872.0,2
27904,485,WITHDRAWAL,7421.0,33684.0,4
27912,68,WITHDRAWAL,7800.0,7900.0,2
27918,441,WITHDRAWAL,765.0,765.0,1
27998,290,WITHDRAWAL,28700.0,70314.6,3
28031,47,WITHDRAWAL,6940.0,6940.0,1
28035,68,WITHDRAWAL,100.0,100.0,1
28099,378,WITHDRAWAL,40200.0,59304.0,3
28103,47,WITHDRAWAL,9.0,41349.0,3
28169,68,WITHDRAWAL,27000.0,27198.0,3
28179,290,WITHDRAWAL,2653.0,5953.0,2
28197,290,WITHDRAWAL,3200.0,5214.6,3
28228,441,WITHDRAWAL,765.0,35165.0,2
28229,68,WITHDRAWAL,137.0,137.0,1
28235,239,WITHDRAWAL,152.0,152.0,1
28238,441,WITHDRAWAL,765.0,4365.0,2
28276,47,WITHDRAWAL,24900.0,24900.0,1
28309,441,WITHDRAWAL,3041.0,3041.0,1
28313,319,WITHDRAWAL,2196.0,8569.0,4
28353,239,WITHDRAWAL,1042.0,1194.0,2
28380,290,WITHDRAWAL,14.6,14.6,1
28392,239,WITHDRAWAL,152.0,152.0,1
28397,67,WITHDRAWAL,5400.0,5400.0,1
28482,319,WITHDRAWAL,9000.0,9000.0,1
28502,90,WITHDRAWAL,361.0,4733.0,2
28528,68,WITHDRAWAL,1705.0,22305.0,2
28546,441,WITHDRAWAL,30.0,30.0,1
28596,47,WITHDRAWAL,141.0,315.0,2
28597,239,WITHDRAWAL,5995.0,7189.0,3
28614,68,WITHDRAWAL,1705.0,1705.0,1
28631,47,WITHDRAWAL,174.0,174.0,1
28636,47,WITHDRAWAL,14.6,14.6,1
28657,290,WITHDRAWAL,3274.0,5927.0,2
28703,47,WITHDRAWAL,174.0,174.0,1
28725,319,WITHDRAWAL,57700.0,129022.5,5
28731,68,WITHDRAWAL,100.0,100.0,1
28733,47,WITHDRAWAL,15800.0,15800.0,1
28817,378,WITHDRAWAL,38700.0,38704.0,2
28852,290,WITHDRAWAL,21300.0,114000.0,3
28890,378,WITHDRAWAL,7500.0,59763.2,6
28913,485,WITHDRAWAL,24000.0,24000.0,1
29049,239,WITHDRAWAL,152.0,152.0,1
29085,68,WITHDRAWAL,16000.0,16198.0,3
29141,485,WITHDRAWAL,3572.0,81563.0,4
29160,290,WITHDRAWAL,2577.0,8504.0,3
29166,68,WITHDRAWAL,100.0,100.0,1
29240,485,WITHDRAWAL,1591.0,1591.0,1
29241,68,WITHDRAWAL,1705.0,1705.0,1
29253,68,WITHDRAWAL,1186.0,5291.0,3
29307,67,WITHDRAWAL,14.6,14.6,1
29335,67,WITHDRAWAL,8700.0,8714.6,2
29365,485,WITHDRAWAL,7421.0,12584.0,3
29378,68,WITHDRAWAL,137.0,137.0,1
29399,485,WITHDRAWAL,1591.0,1591.0,1
29439,290,WITHDRAWAL,2577.0,8504.0,3
29448,68,WITHDRAWAL,1186.0,23491.0,3
29449,90,WITHDRAWAL,361.0,20133.0,3
29503,319,WITHDRAWAL,4800.0,4800.0,1
29509,378,WITHDRAWAL,3800.0,3814.6,2
29518,485,WITHDRAWAL,1591.0,1591.0,1
29574,239,WITHDRAWAL,1042.0,1194.0,2
29608,239,WITHDRAWAL,5995.0,35989.0,4
29720,290,WITHDRAWAL,2653.0,2653.0,1
29754,90,WITHDRAWAL,5520.0,5520.0,1
29801,68,WITHDRAWAL,2700.0,2700.0,1
29824,239,WITHDRAWAL,30.0,30.0,1
29857,90,WITHDRAWAL,16200.0,16200.0,1
29859,290,WITHDRAWAL,3274.0,5927.0,2
29882,90,WITHDRAWAL,14.6,14.6,1
29908,68,WITHDRAWAL,1705.0,12505.0,2
29937,441,WITHDRAWAL,8700.0,11741.0,2
29950,239,WITHDRAWAL,152.0,152.0,1
29960,441,WITHDRAWAL,765.0,765.0,1
29985,68,WITHDRAWAL,18600.0,18600.0,1
29995,378,WITHDRAWAL,1800.0,1804.0,2
30011,47,WITHDRAWAL,9.0,6949.0,2
30034,441,WITHDRAWAL,765.0,21065.0,2
30044,441,WITHDRAWAL,26100.0,60100.0,2
30054,290,WITHDRAWAL,2653.0,2653.0,1
30076,441,WITHDRAWAL,765.0,765.0,1
30092,319,WITHDRAWAL,1057.0,7622.5,3
30102,290,WITHDRAWAL,14.6,14.6,1
30144,47,WITHDRAWAL,174.0,174.0,1
30151,90,WITHDRAWAL,2280.0,2280.0,1
30156,485,WITHDRAWAL,1591.0,22691.0,2
30182,239,WITHDRAWAL,30.0,30.0,1
30268,47,WITHDRAWAL,9.0,6949.0,2
30284,319,WITHDRAWAL,2100.0,2516.0,2
30332,441,WITHDRAWAL,765.0,765.0,1
30354,90,WITHDRAWAL,2760.0,5040.0,2
30357,441,WITHDRAWAL,765.0,64565.0,2
30375,239,WITHDRAWAL,1042.0,1194.0,2
30389,47,WITHDRAWAL,6940.0,6940.0,1
30400,290,WITHDRAWAL,2653.0,2653.0,1
30412,47,WITHDRAWAL,6300.0,6300.0,1
30426,485,WITHDRAWAL,12600.0,76400.0,2
30444,67,WITHDRAWAL,8000.0,8000.0,1
30467,47,WITHDRAWAL,174.0,5874.0,2
30488,378,WITHDRAWAL,1184.0,21363.2,5
30491,239,WITHDRAWAL,152.0,4652.0,2
30506,441,WITHDRAWAL,765.0,43165.0,2
30545,441,WITHDRAWAL,30.0,17930.0,2
30619,68,WITHDRAWAL,1186.0,2891.0,2
30621,67,WITHDRAWAL,14.6,14.6,1
30676,239,WITHDRAWAL,152.0,152.0,1
30743,290,WITHDRAWAL,2653.0,2653.0,1
30744,90,WITHDRAWAL,2375.0,5510.0,3
30757,290,WITHDRAWAL,28100.0,28100.0,1
30758,90,WITHDRAWAL,1200.0,6254.6,3
30787,378,WITHDRAWAL,8537.0,12377.2,2
30793,47,WITHDRAWAL,5700.0,16849.0,5
30796,68,WITHDRAWAL,1705.0,1705.0,1
30819,441,WITHDRAWAL,765.0,62565.0,2
30846,290,WITHDRAWAL,14.6,14.6,1
30862,485,WITHDRAWAL,5100.0,5100.0,1
30864,68,WITHDRAWAL,61.0,9498.0,4
30872,485,WITHDRAWAL,6000.0,6100.0,2
30938,378,WITHDRAWAL,57900.0,103100.0,2
30960,90,WITHDRAWAL,361.0,4733.0,2
31015,441,WITHDRAWAL,12100.0,12100.0,1
31036,47,WITHDRAWAL,20800.0,41549.0,4
31047,68,WITHDRAWAL,12000.0,12000.0,1
31083,319,WITHDRAWAL,30.0,7230.0,2
31093,319,WITHDRAWAL,416.0,1716.0,2
31124,485,WITHDRAWAL,1591.0,1591.0,1
31134,47,WITHDRAWAL,14.6,14.6,1
31145,90,WITHDRAWAL,14.6,14.6,1
31154,68,WITHDRAWAL,100.0,100.0,1
31193,68,WITHDRAWAL,61.0,198.0,2
31250,485,WITHDRAWAL,7421.0,12584.0,3
31312,319,WITHDRAWAL,25000.0,26473.0,3
31332,68,WITHDRAWAL,24300.0,24400.0,2
31370,378,WITHDRAWAL,17700.0,17700.0,1
31387,67,WITHDRAWAL,14.6,11414.6,2
31403,441,WITHDRAWAL,7500.0,18430.0,3
31431,378,WITHDRAWAL,1184.0,13563.2,4
31469,239,WITHDRAWAL,152.0,152.0,1
31509,485,WITHDRAWAL,7421.0,12584.0,3
31535,319,WITHDRAWAL,58600.0,65230.0,3
31540,378,WITHDRAWAL,11100.0,11100.0,1
31576,68,WITHDRAWAL,1705.0,1705.0,1
31629,47,WITHDRAWAL,28000.0,28000.0,1
31636,290,WITHDRAWAL,2577.0,8504.0,3
31637,67,WITHDRAWAL,5500.0,12338.0,3
31641,47,WITHDRAWAL,6940.0,6940.0,1
31680,239,WITHDRAWAL,1042.0,1194.0,2
31698,485,WITHDRAWAL,100.0,100.0,1
31699,441,WITHDRAWAL,3041.0,3041.0,1
31702,485,WITHDRAWAL,1591.0,1591.0,1
31708,290,WITHDRAWAL,2577.0,8504.0,3
31711,485,WITHDRAWAL,100.0,100.0,1
31739,290,WITHDRAWAL,2653.0,2653.0,1
31800,47,WITHDRAWAL,9.0,6949.0,2
31809,68,WITHDRAWAL,17200.0,20091.0,3
31841,441,WITHDRAWAL,19400.0,19400.0,1
31842,441,WITHDRAWAL,18100.0,21141.0,2
31844,319,WITHDRAWAL,30.0,4230.0,2
31853,90,WITHDRAWAL,3960.0,8693.0,3
31882,68,WITHDRAWAL,137.0,6137.0,2
31891,485,WITHDRAWAL,7421.0,12584.0,3
31919,378,WITHDRAWAL,1184.0,9723.0,3
31945,290,WITHDRAWAL,3274.0,5927.0,2
31977,290,WITHDRAWAL,2577.0,8504.0,3
31996,290,WITHDRAWAL,20900.0,20900.0,1
32017,68,WITHDRAWAL,26100.0,26200.0,2
32028,441,WITHDRAWAL,5400.0,5430.0,2
32050,90,WITHDRAWAL,2375.0,15710.0,4
32064,290,WITHDRAWAL,9900.0,9914.6,2
32070,67,WITHDRAWAL,6915.0,28515.0,3
32076,47,WITHDRAWAL,174.0,174.0,1
32091,319,WITHDRAWAL,2196.0,22418.5,7
32098,68,WITHDRAWAL,21700.0,21898.0,3
32115,68,WITHDRAWAL,29700.0,30886.0,2
32124,90,WITHDRAWAL,2375.0,5510.0,3
32136,67,WITHDRAWAL,445.0,45253.0,4
32138,319,WITHDRAWAL,1300.0,1300.0,1
32154,239,WITHDRAWAL,3000.0,10400.0,2
32162,67,WITHDRAWAL,22400.0,22400.0,1
32167,441,WITHDRAWAL,765.0,765.0,1
32200,68,WITHDRAWAL,1186.0,2891.0,2
32204,441,WITHDRAWAL,30.0,2430.0,2
32209,90,WITHDRAWAL,2774.0,3135.0,2
32258,90,WITHDRAWAL,4372.0,4372.0,1
32276,441,WITHDRAWAL,3041.0,3041.0,1
32292,90,WITHDRAWAL,4560.0,10070.0,4
32307,67,WITHDRAWAL,445.0,13753.0,3
32340,68,WITHDRAWAL,137.0,9537.0,2
32364,47,WITHDRAWAL,9.0,6949.0,2
32381,90,WITHDRAWAL,15300.0,15300.0,1
32384,239,WITHDRAWAL,1042.0,1194.0,2
32403,90,WITHDRAWAL,2375.0,5510.0,3
32414,239,WITHDRAWAL,30.0,30.0,1
32443,68,WITHDRAWAL,1705.0,1705.0,1
32455,378,WITHDRAWAL,10200.0,10200.0,1
32485,90,WITHDRAWAL,11600.0,11614.6,2
32487,319,WITHDRAWAL,416.0,416.0,1
32493,239,WITHDRAWAL,16800.0,23837.0,3
32500,319,WITHDRAWAL,1057.0,7622.5,3
32532,68,WITHDRAWAL,1705.0,23405.0,2
32540,90,WITHDRAWAL,14.6,10814.6,2
32587,90,WITHDRAWAL,14.6,14.6,1
32591,68,WITHDRAWAL,11700.0,11898.0,3
32624,90,WITHDRAWAL,4372.0,4372.0,1
32626,441,WITHDRAWAL,30.0,30.0,1
32658,90,WITHDRAWAL,1680.0,4200.0,2
32688,47,WITHDRAWAL,3900.0,16549.0,4
32715,67,WITHDRAWAL,6915.0,6915.0,1
32726,485,WITHDRAWAL,1700.0,1700.0,1
32759,67,WITHDRAWAL,19700.0,19714.6,2
32767,90,WITHDRAWAL,4372.0,4372.0,1
32785,441,WITHDRAWAL,3041.0,12641.0,3
32818,239,WITHDRAWAL,1000.0,8037.0,3
32825,378,WITHDRAWAL,14.6,14.6,1
32891,68,WITHDRAWAL,1186.0,23291.0,3
32917,485,WITHDRAWAL,7421.0,12584.0,3
32953,485,WITHDRAWAL,1591.0,1591.0,1
32967,239,WITHDRAWAL,1042.0,1194.0,2
32973,319,WITHDRAWAL,2196.0,9818.5,4
32987,47,WITHDRAWAL,174.0,174.0,1
33052,441,WITHDRAWAL,30.0,8230.0,2
33059,319,WITHDRAWAL,12900.0,12900.0,1
33150,485,WITHDRAWAL,1591.0,1591.0,1
33172,239,WITHDRAWAL,1042.0,1194.0,2
33215,485,WITHDRAWAL,1591.0,1591.0,1
33237,239,WITHDRAWAL,5995.0,7189.0,3
33246,441,WITHDRAWAL,28700.0,28730.0,2
33260,47,WITHDRAWAL,6940.0,6940.0,1
33282,290,WITHDRAWAL,3274.0,5927.0,2
33298,239,WITHDRAWAL,5995.0,63189.0,5
33311,319,WITHDRAWAL,416.0,416.0,1
33386,290,WITHDRAWAL,2577.0,8504.0,3
33425,378,WITHDRAWAL,2.0,12379.2,3
33426,47,WITHDRAWAL,21800.0,21814.6,2
33432,319,WITHDRAWAL,7500.0,21000.0,2
33467,68,WITHDRAWAL,100.0,100.0,1
33481,378,WITHDRAWAL,1184.0,45123.0,4
33515,485,WITHDRAWAL,6300.0,10000.0,3
33545,68,WITHDRAWAL,137.0,137.0,1
33551,90,WITHDRAWAL,361.0,4733.0,2
33553,441,WITHDRAWAL,25200.0,60700.0,2
33622,441,WITHDRAWAL,52700.0,64441.0,3
33628,239,WITHDRAWAL,1042.0,1194.0,2
33646,290,WITHDRAWAL,2577.0,8504.0,3
33674,67,WITHDRAWAL,22300.0,22745.0,2
33690,67,WITHDRAWAL,16700.0,16700.0,1
33720,319,WITHDRAWAL,7800.0,16500.0,2
33731,441,WITHDRAWAL,30.0,30.0,1
33737,67,WITHDRAWAL,14.6,14.6,1
33794,290,WITHDRAWAL,4500.0,4500.0,1
33816,378,WITHDRAWAL,14.6,14.6,1
33845,239,WITHDRAWAL,6000.0,6000.0,1
33875,68,WITHDRAWAL,137.0,7937.0,2
33879,378,WITHDRAWAL,1184.0,12423.0,4
33929,68,WITHDRAWAL,1186.0,2891.0,2
33932,68,WITHDRAWAL,137.0,137.0,1
33984,67,WITHDRAWAL,445.0,13753.0,3
34009,485,WITHDRAWAL,100.0,100.0,1
34020,319,WITHDRAWAL,30.0,10530.0,2
34079,290,WITHDRAWAL,2653.0,2653.0,1
34093,239,WITHDRAWAL,7900.0,7900.0,1
34108,378,WITHDRAWAL,14.6,14.6,1
34117,378,WITHDRAWAL,2.0,8539.0,2
34120,441,WITHDRAWAL,24700.0,27741.0,2
34121,441,WITHDRAWAL,3300.0,3300.0,1
34134,68,WITHDRAWAL,3300.0,12898.0,4
34159,90,WITHDRAWAL,21000.0,21000.0,1
34194,485,WITHDRAWAL,1591.0,1591.0,1
34198,68,WITHDRAWAL,100.0,100.0,1
34274,68,WITHDRAWAL,1500.0,1500.0,1
34291,378,WITHDRAWAL,37700.0,41200.0,2
34324,90,WITHDRAWAL,1680.0,1680.0,1
34374,378,WITHDRAWAL,14.6,14.6,1
34384,47,WITHDRAWAL,141.0,315.0,2
34393,47,WITHDRAWAL,141.0,315.0,2
34414,485,WITHDRAWAL,1591.0,1591.0,1
34450,290,WITHDRAWAL,13000.0,13000.0,1
34452,90,WITHDRAWAL,4372.0,7372.0,3
34495,290,WITHDRAWAL,7800.0,7800.0,1
34570,319,WITHDRAWAL,2700.0,2700.0,1
34602,319,WITHDRAWAL,2196.0,9818.5,4
34629,290,WITHDRAWAL,3274.0,5927.0,2
34648,441,WITHDRAWAL,765.0,765.0,1
34664,68,WITHDRAWAL,1186.0,13791.0,3
34686,239,WITHDRAWAL,15400.0,44900.0,2
34687,378,WITHDRAWAL,4.0,3304.0,2
34725,290,WITHDRAWAL,3274.0,5927.0,2
34756,67,WITHDRAWAL,6393.0,6393.0,1
34759,485,WITHDRAWAL,3572.0,11463.0,3
34800,90,WITHDRAWAL,14.6,11314.6,2
34813,239,WITHDRAWAL,1042.0,29994.0,3
34818,290,WITHDRAWAL,2577.0,8504.0,3
34820,47,WITHDRAWAL,141.0,315.0,2
34856,67,WITHDRAWAL,445.0,6838.0,2
34889,239,WITHDRAWAL,5995.0,14389.0,4
34931,441,WITHDRAWAL,32900.0,35941.0,2
34994,67,WITHDRAWAL,6915.0,27215.0,2
35008,67,WITHDRAWAL,445.0,13753.0,3
35010,239,WITHDRAWAL,1042.0,16094.0,4
35013,47,WITHDRAWAL,6000.0,6000.0,1
35042,319,WITHDRAWAL,30.0,30.0,1
35043,239,WITHDRAWAL,30.0,30.0,1
35091,68,WITHDRAWAL,7200.0,69386.0,3
35111,67,WITHDRAWAL,21500.0,28338.0,3
35113,47,WITHDRAWAL,9.0,6949.0,2
35138,319,WITHDRAWAL,2196.0,9818.5,4
35148,67,WITHDRAWAL,14.6,14.6,1
35174,485,WITHDRAWAL,3572.0,5163.0,2
35188,47,WITHDRAWAL,5100.0,7974.0,3
35250,239,WITHDRAWAL,30.0,30.0,1
35271,290,WITHDRAWAL,2577.0,39704.0,4
35272,485,WITHDRAWAL,1591.0,77991.0,3
35306,90,WITHDRAWAL,2400.0,7910.0,4
35372,319,WITHDRAWAL,2400.0,11802.5,4
35399,67,WITHDRAWAL,26000.0,26000.0,1
35414,441,WITHDRAWAL,3041.0,14641.0,2
35444,319,WITHDRAWAL,1057.0,3573.0,3
35446,47,WITHDRAWAL,1500.0,11841.0,4
35461,67,WITHDRAWAL,34300.0,34300.0,1
35472,90,WITHDRAWAL,3000.0,8149.0,3
35485,319,WITHDRAWAL,416.0,10316.0,2
35517,47,WITHDRAWAL,14.6,14.6,1
35523,290,WITHDRAWAL,3300.0,11100.0,2
35549,67,WITHDRAWAL,5800.0,5800.0,1
35594,67,WITHDRAWAL,6393.0,13308.0,2
35609,90,WITHDRAWAL,4372.0,4372.0,1
35652,378,WITHDRAWAL,14.6,14.6,1
35662,239,WITHDRAWAL,5995.0,7189.0,3
35698,68,WITHDRAWAL,1186.0,2891.0,2
35745,441,WITHDRAWAL,2400.0,2400.0,1
35822,47,WITHDRAWAL,174.0,174.0,1
35837,90,WITHDRAWAL,14.6,14.6,1
35868,239,WITHDRAWAL,152.0,152.0,1
35877,378,WITHDRAWAL,24000.0,24000.0,1
35885,290,WITHDRAWAL,2653.0,2653.0,1
35890,378,WITHDRAWAL,2400.0,2404.0,2
35897,485,WITHDRAWAL,7421.0,12584.0,3
35922,441,WITHDRAWAL,15700.0,18741.0,2
35924,319,WITHDRAWAL,416.0,416.0,1
35933,68,WITHDRAWAL,14000.0,24991.0,5
35977,67,WITHDRAWAL,6393.0,6393.0,1
36016,67,WITHDRAWAL,445.0,13753.0,3
36017,68,WITHDRAWAL,100.0,1600.0,2
36025,485,WITHDRAWAL,7421.0,12584.0,3
36051,290,WITHDRAWAL,3274.0,5927.0,2
36096,47,WITHDRAWAL,27800.0,42540.0,3
36098,485,WITHDRAWAL,100.0,100.0,1
36105,47,WITHDRAWAL,6940.0,6940.0,1
36109,47,WITHDRAWAL,6940.0,10840.0,2
36136,239,WITHDRAWAL,35300.0,102230.0,4
36137,90,WITHDRAWAL,10200.0,14572.0,2
36154,67,WITHDRAWAL,6900.0,6900.0,1
36157,319,WITHDRAWAL,30.0,8830.0,2
36197,378,WITHDRAWAL,2.0,12379.2,3
36246,378,WITHDRAWAL,37500.0,37504.0,2
36271,47,WITHDRAWAL,6940.0,6940.0,1
36274,485,WITHDRAWAL,3572.0,15463.0,3
36284,68,WITHDRAWAL,137.0,5837.0,2
36316,90,WITHDRAWAL,2375.0,29410.0,4
36392,441,WITHDRAWAL,30.0,30.0,1
36399,290,WITHDRAWAL,14.6,14.6,1
36523,290,WITHDRAWAL,6300.0,8800.0,2
36528,485,WITHDRAWAL,3572.0,9363.0,3
36558,67,WITHDRAWAL,8300.0,8314.6,2
36575,47,WITHDRAWAL,16100.0,20000.0,2
36609,68,WITHDRAWAL,27500.0,27500.0,1
36619,290,WITHDRAWAL,14.6,14.6,1
36672,441,WITHDRAWAL,44300.0,47341.0,2
36678,485,WITHDRAWAL,19100.0,54500.0,3
36760,90,WITHDRAWAL,1440.0,1440.0,1
36837,441,WITHDRAWAL,765.0,67065.0,3
36865,441,WITHDRAWAL,765.0,62765.0,3
36908,378,WITHDRAWAL,8537.0,43937.0,2
36925,485,WITHDRAWAL,7421.0,12584.0,3
36997,47,WITHDRAWAL,14.6,14.6,1
37030,441,WITHDRAWAL,765.0,29165.0,2
37043,67,WITHDRAWAL,13300.0,13300.0,1
37044,90,WITHDRAWAL,361.0,4733.0,2
37061,67,WITHDRAWAL,14.6,14.6,1
37108,485,WITHDRAWAL,1591.0,1591.0,1
37138,290,WITHDRAWAL,2577.0,21404.0,4
37156,239,WITHDRAWAL,12300.0,12330.0,2
37292,290,WITHDRAWAL,3274.0,21527.0,4
37293,239,WITHDRAWAL,9900.0,15895.0,2
37301,239,WITHDRAWAL,7600.0,7600.0,1
37358,90,WITHDRAWAL,4372.0,4372.0,1
37359,441,WITHDRAWAL,3041.0,3041.0,1
37366,319,WITHDRAWAL,2196.0,3669.0,3
37423,319,WITHDRAWAL,3500.0,3916.0,2
37450,485,WITHDRAWAL,7421.0,12584.0,3
37466,290,WITHDRAWAL,14.6,41614.6,2
37492,68,WITHDRAWAL,1705.0,1705.0,1
37511,47,WITHDRAWAL,14.6,52314.6,3
37512,485,WITHDRAWAL,63800.0,63800.0,1
37647,90,WITHDRAWAL,1680.0,7190.0,4
37693,47,WITHDRAWAL,6940.0,6940.0,1
37695,441,WITHDRAWAL,11600.0,11630.0,2
37697,67,WITHDRAWAL,6393.0,14393.0,2
37712,485,WITHDRAWAL,7421.0,28584.0,4
37729,441,WITHDRAWAL,765.0,3165.0,2
37782,68,WITHDRAWAL,1186.0,2891.0,2
37785,319,WITHDRAWAL,416.0,8316.0,2
37798,239,WITHDRAWAL,5995.0,7189.0,3
37802,47,WITHDRAWAL,6940.0,6940.0,1
37803,319,WITHDRAWAL,416.0,416.0,1
37816,67,WITHDRAWAL,10900.0,10900.0,1
37826,68,WITHDRAWAL,8700.0,18805.0,4
37867,47,WITHDRAWAL,6940.0,6940.0,1
37886,239,WITHDRAWAL,152.0,152.0,1
37893,319,WITHDRAWAL,30.0,30.0,1
37894,378,WITHDRAWAL,2.0,8539.0,2
37913,67,WITHDRAWAL,6915.0,6915.0,1
37935,378,WITHDRAWAL,40100.0,40100.0,1
37952,47,WITHDRAWAL,3900.0,3900.0,1
37953,47,WITHDRAWAL,7800.0,14740.0,2
37982,319,WITHDRAWAL,2196.0,7569.0,5
37987,239,WITHDRAWAL,1042.0,1194.0,2
37993,68,WITHDRAWAL,6300.0,7486.0,2
38029,47,WITHDRAWAL,9.0,6949.0,2
38042,441,WITHDRAWAL,7200.0,18630.0,4
38051,47,WITHDRAWAL,141.0,26715.0,3
38060,485,WITHDRAWAL,100.0,100.0,1
38089,441,WITHDRAWAL,5100.0,5100.0,1
38095,68,WITHDRAWAL,1186.0,2891.0,2
38129,68,WITHDRAWAL,7500.0,17598.0,5
38186,68,WITHDRAWAL,3900.0,8100.0,2
38188,290,WITHDRAWAL,2577.0,8504.0,3
38189,441,WITHDRAWAL,30.0,30.0,1
38229,319,WITHDRAWAL,30.0,30.0,1
38285,47,WITHDRAWAL,174.0,4674.0,2
38297,239,WITHDRAWAL,5995.0,7189.0,3
38312,47,WITHDRAWAL,3600.0,25200.0,2
38496,47,WITHDRAWAL,141.0,315.0,2
38533,441,WITHDRAWAL,765.0,48365.0,2
38547,47,WITHDRAWAL,2700.0,14400.0,4
38556,67,WITHDRAWAL,14.6,14.6,1
38571,485,WITHDRAWAL,1591.0,5791.0,2
38604,239,WITHDRAWAL,27900.0,50437.0,4
38606,290,WITHDRAWAL,2700.0,11100.0,2
38608,67,WITHDRAWAL,6393.0,15093.0,2
38610,47,WITHDRAWAL,9.0,6949.0,2
38623,67,WITHDRAWAL,20700.0,20700.0,1
38627,290,WITHDRAWAL,14.6,14.6,1
38645,47,WITHDRAWAL,6940.0,6940.0,1
38652,90,WITHDRAWAL,4900.0,5754.6,3
38664,378,WITHDRAWAL,59900.0,62900.0,2
38672,485,WITHDRAWAL,3572.0,5163.0,2
38695,290,WITHDRAWAL,5400.0,8100.0,2
38750,378,WITHDRAWAL,14.6,14.6,1
38757,47,WITHDRAWAL,17700.0,17700.0,1
38806,290,WITHDRAWAL,2653.0,2653.0,1
38842,319,WITHDRAWAL,2196.0,15269.0,4
38844,47,WITHDRAWAL,174.0,174.0,1
38920,68,WITHDRAWAL,100.0,100.0,1
38925,319,WITHDRAWAL,11700.0,11700.0,1
38945,441,WITHDRAWAL,53900.0,56941.0,2
38963,485,WITHDRAWAL,7421.0,12584.0,3
38972,319,WITHDRAWAL,11600.0,12016.0,2
38994,239,WITHDRAWAL,1042.0,1194.0,2
39000,90,WITHDRAWAL,2375.0,9470.0,4
39020,485,WITHDRAWAL,7421.0,14084.0,4
39036,485,WITHDRAWAL,1591.0,1591.0,1
39100,485,WITHDRAWAL,1591.0,1591.0,1
39101,290,WITHDRAWAL,14.6,14.6,1
39180,319,WITHDRAWAL,5400.0,17100.0,2
39235,319,WITHDRAWAL,2196.0,9818.5,4
39258,319,WITHDRAWAL,1057.0,7622.5,3
39338,68,WITHDRAWAL,137.0,137.0,1
39357,67,WITHDRAWAL,31500.0,31500.0,1
39375,319,WITHDRAWAL,1057.0,1473.0,2
39417,47,WITHDRAWAL,8700.0,10515.0,4
39428,67,WITHDRAWAL,445.0,15538.0,3
39453,47,WITHDRAWAL,141.0,315.0,2
39461,47,WITHDRAWAL,4500.0,4500.0,1
39519,47,WITHDRAWAL,26400.0,26414.6,2
39590,90,WITHDRAWAL,2774.0,3135.0,2
39636,67,WITHDRAWAL,14.6,16714.6,2
39638,485,WITHDRAWAL,4500.0,4500.0,1
39666,485,WITHDRAWAL,3572.0,5163.0,2
39701,290,WITHDRAWAL,700.0,3277.0,2
39713,67,WITHDRAWAL,61500.0,61500.0,1
39738,485,WITHDRAWAL,22300.0,29721.0,2
39753,239,WITHDRAWAL,1042.0,1194.0,2
39802,68,WITHDRAWAL,3600.0,3798.0,3
39803,319,WITHDRAWAL,416.0,416.0,1
39822,68,WITHDRAWAL,61.0,198.0,2
39829,68,WITHDRAWAL,6000.0,6100.0,2
39889,485,WITHDRAWAL,100.0,100.0,1
39899,485,WITHDRAWAL,7421.0,12584.0,3
39909,485,WITHDRAWAL,3000.0,25300.0,2
39916,239,WITHDRAWAL,5995.0,10189.0,4
39968,47,WITHDRAWAL,141.0,5715.0,3
40015,90,WITHDRAWAL,2774.0,3135.0,2
40020,378,WITHDRAWAL,1184.0,50363.2,5
40039,485,WITHDRAWAL,1591.0,1591.0,1
40045,68,WITHDRAWAL,61.0,198.0,2
40098,90,WITHDRAWAL,4372.0,4372.0,1
40115,290,WITHDRAWAL,37700.0,37714.6,2
40118,67,WITHDRAWAL,6393.0,13308.0,2
40125,239,WITHDRAWAL,1042.0,1194.0,2
40168,441,WITHDRAWAL,30.0,10230.0,3
40177,47,WITHDRAWAL,9.0,6949.0,2
